Invoice ID,Customer ID,Gender,Category,Unit price,Quantity,Tax 5%,Total
692-92-5582,C-23-1-1,Female,Food_and_beverages,54.84,3,8.226,172.746
351-62-0822,C-23-1-2,Female,Fashion_accessories,14.48,4,2.896,60.816
529-56-3974,C-23-1-3,Male,Electronic_accessories,25.51,4,5.102,107.142
299-46-1805,C-23-1-4,Female,Sports_and_travel,93.72,6,28.116,590.436
319-50-3348,C-23-1-5,Female,Home_and_lifestyle,40.3,2,4.03,84.63
371-85-5789,C-23-1-6,Male,Health_and_beauty,87.98,3,13.197,277.137
273-16-6619,C-23-1-7,Male,Home_and_lifestyle,33.2,2,3.32,69.72
649-29-6775,C-23-1-8,Male,Fashion_accessories,33.52,1,1.676,35.196
145-94-9061,C-23-1-9,Female,Food_and_beverages,88.36,5,22.09,463.89
871-79-8483,C-23-1-10,Male,Fashion_accessories,94.13,5,23.5325,494.1825
149-71-6266,C-23-1-11,Male,Sports_and_travel,78.07,9,35.1315,737.7615
640-49-2076,C-23-1-12,Male,Sports_and_travel,83.78,8,33.512,703.752
777-82-7220,C-23-1-13,Male,Home_and_lifestyle,30.12,8,12.048,253.008
280-35-5823,C-23-1-14,Female,Home_and_lifestyle,86.72,1,4.336,91.056
354-25-5821,C-23-1-15,Female,Sports_and_travel,69.12,6,20.736,435.456
132-32-9879,C-23-1-16,Female,Electronic_accessories,93.96,4,18.792,394.632
370-41-7321,C-23-1-17,Male,Health_and_beauty,56.69,9,25.5105,535.7205
727-46-3608,C-23-1-18,Female,Food_and_beverages,20.01,9,9.0045,189.0945
669-54-1719,C-23-1-19,Male,Electronic_accessories,18.93,6,5.679,119.259
616-24-2851,C-23-1-20,Female,Fashion_accessories,17.87,4,3.574,75.054
242-55-6721,C-23-1-21,Male,Home_and_lifestyle,16.16,2,1.616,33.936
347-34-2234,C-23-1-22,Female,Sports_and_travel,55.07,9,24.7815,520.4115
853-23-2453,C-23-1-23,Male,Health_and_beauty,75.74,4,15.148,318.108
109-28-2512,C-23-1-24,Female,Fashion_accessories,97.61,6,29.283,614.943
510-95-6347,C-23-1-25,Female,Food_and_beverages,48.52,3,7.278,152.838
847-38-7188,C-23-1-26,Female,Food_and_beverages,96.68,3,14.502,304.542
318-68-5053,C-23-1-27,Female,Health_and_beauty,76.99,6,23.097,485.037
152-08-9985,C-23-1-28,Male,Health_and_beauty,64.36,9,28.962,608.202
766-85-7061,C-23-1-29,Male,Health_and_beauty,87.87,10,43.935,922.635
733-01-9107,C-23-1-30,Male,Home_and_lifestyle,82.7,6,24.81,521.01
716-39-1409,C-23-1-31,Male,Health_and_beauty,30.35,7,10.6225,223.0725
479-26-8945,C-23-1-32,Female,Sports_and_travel,16.49,2,1.649,34.629
227-78-1148,C-23-1-33,Female,Fashion_accessories,72.84,7,25.494,535.374
291-32-1427,C-23-1-34,Male,Fashion_accessories,21.94,5,5.485,115.185
659-65-8956,C-23-1-35,Male,Fashion_accessories,51.36,1,2.568,53.928
378-24-2715,C-23-1-36,Male,Home_and_lifestyle,53.44,2,5.344,112.224
219-22-9386,C-23-1-37,Male,Sports_and_travel,99.96,9,44.982,944.622
268-27-6179,C-23-1-38,Female,Fashion_accessories,56.47,8,22.588,474.348
549-84-7482,C-23-1-39,Female,Sports_and_travel,90.28,9,40.626,853.146
191-10-6171,C-23-1-40,Female,Fashion_accessories,39.62,7,13.867,291.207
695-51-0018,C-23-1-41,Female,Sports_and_travel,34.84,4,6.968,146.328
590-83-4591,C-23-1-42,Male,Electronic_accessories,87.45,6,26.235,550.935
241-72-9525,C-23-1-43,Male,Sports_and_travel,51.91,10,25.955,545.055
262-47-2794,C-23-1-44,Male,Home_and_lifestyle,71.86,8,28.744,603.624
608-96-3517,C-23-1-45,Female,Fashion_accessories,91.54,4,18.308,384.468
279-74-2924,C-23-1-46,Male,Electronic_accessories,72.17,1,3.6085,75.7785
307-85-2293,C-23-1-47,Male,Home_and_lifestyle,50.28,5,12.57,263.97
743-04-1105,C-23-1-48,Male,Health_and_beauty,97.22,9,43.749,918.729
423-57-2993,C-23-1-49,Male,Sports_and_travel,93.39,6,28.017,588.357
548-46-9322,C-23-1-50,Male,Food_and_beverages,39.9,10,19.95,418.95
505-02-0892,C-23-1-51,Male,Health_and_beauty,42.57,8,17.028,357.588
316-55-4634,C-23-1-52,Male,Food_and_beverages,80.05,5,20.0125,420.2625
608-27-6295,C-23-1-53,Male,Electronic_accessories,52.89,6,15.867,333.207
414-12-7047,C-23-1-54,Male,Food_and_beverages,19.79,8,7.916,166.236
895-66-0685,C-23-1-55,Male,Food_and_beverages,18.08,3,2.712,56.952
305-14-0245,C-23-1-56,Female,Home_and_lifestyle,94.49,8,37.796,793.716
732-04-5373,C-23-1-57,Male,Home_and_lifestyle,46.47,4,9.294,195.174
284-34-9626,C-23-1-58,Female,Home_and_lifestyle,77.04,3,11.556,242.676
437-58-8131,C-23-1-59,Female,Fashion_accessories,73.52,2,7.352,154.392
641-43-2399,C-23-1-60,Male,Home_and_lifestyle,25.55,4,5.11,107.31
542-41-0513,C-23-1-61,Female,Electronic_accessories,57.49,4,11.498,241.458
875-46-5808,C-23-1-62,Male,Health_and_beauty,25.9,10,12.95,271.95
394-43-4238,C-23-1-63,Male,Home_and_lifestyle,17.77,5,4.4425,93.2925
573-58-9734,C-23-1-64,Female,Fashion_accessories,30.37,3,4.5555,95.6655
817-69-8206,C-23-1-65,Female,Electronic_accessories,99.73,9,44.8785,942.4485
142-63-6033,C-23-1-66,Male,Home_and_lifestyle,92.36,5,23.09,484.89
656-16-1063,C-23-1-67,Male,Sports_and_travel,46.42,3,6.963,146.223
891-58-8335,C-23-1-68,Female,Sports_and_travel,29.61,7,10.3635,217.6335
560-30-5617,C-23-1-69,Female,Sports_and_travel,24.77,5,6.1925,130.0425
549-03-9315,C-23-1-70,Male,Fashion_accessories,94.87,8,37.948,796.908
790-29-1172,C-23-1-71,Female,Food_and_beverages,57.34,3,8.601,180.621
239-36-3640,C-23-1-72,Male,Electronic_accessories,45.35,6,13.605,285.705
468-01-2051,C-23-1-73,Male,Food_and_beverages,62.08,7,21.728,456.288
836-82-5858,C-23-1-74,Male,Health_and_beauty,69.37,9,31.2165,655.5465
466-61-5506,C-23-1-75,Female,Electronic_accessories,90.7,6,27.21,571.41
289-65-5721,C-23-1-76,Female,Fashion_accessories,81.37,2,8.137,170.877
545-46-3100,C-23-1-77,Female,Electronic_accessories,10.59,3,1.5885,33.3585
418-02-5978,C-23-1-78,Female,Health_and_beauty,84.09,9,37.8405,794.6505
269-04-5750,C-23-1-79,Male,Fashion_accessories,73.82,4,14.764,310.044
346-84-3103,C-23-1-80,Female,Electronic_accessories,13.22,5,3.305,69.405
376-02-8238,C-23-1-81,Male,Home_and_lifestyle,93.87,8,37.548,788.508
866-05-7563,C-23-1-82,Female,Electronic_accessories,81.4,3,12.21,256.41
785-13-7708,C-23-1-83,Male,Food_and_beverages,73.06,7,25.571,536.991
845-51-0542,C-23-1-84,Male,Food_and_beverages,46.55,9,20.9475,439.8975
110-48-7033,C-23-1-85,Male,Fashion_accessories,32.62,4,6.524,137.004
655-85-5130,C-23-1-86,Female,Fashion_accessories,38.3,4,7.66,160.86
154-74-7179,C-23-1-87,Male,Sports_and_travel,54.45,1,2.7225,57.1725
571-94-0759,C-23-1-88,Female,Food_and_beverages,74.6,10,37.3,783.3
783-09-1637,C-23-1-89,Female,Sports_and_travel,67.43,5,16.8575,354.0075
477-24-6490,C-23-1-90,Female,Health_and_beauty,99.71,6,29.913,628.173
566-19-5475,C-23-1-91,Male,Fashion_accessories,47.97,7,16.7895,352.5795
498-41-1961,C-23-1-92,Male,Health_and_beauty,66.68,5,16.67,350.07
283-79-9594,C-23-1-93,Female,Food_and_beverages,48.51,7,16.9785,356.5485
139-20-0155,C-23-1-94,Male,Electronic_accessories,40.3,10,20.15,423.15
585-03-5943,C-23-1-95,Male,Health_and_beauty,18.11,10,9.055,190.155
573-10-3877,C-23-1-96,Male,Health_and_beauty,39.01,1,1.9505,40.9605
396-90-2219,C-23-1-97,Female,Electronic_accessories,14.96,8,5.984,125.664
532-59-7201,C-23-1-98,Male,Sports_and_travel,79.93,6,23.979,503.559
276-54-0879,C-23-1-99,Male,Sports_and_travel,97.74,4,19.548,410.508
730-61-8757,C-23-1-100,Male,Health_and_beauty,51.13,4,10.226,214.746
868-81-1752,C-23-1-101,Male,Home_and_lifestyle,22.02,9,9.909,208.089
692-27-8933,C-23-1-102,Female,Sports_and_travel,57.95,6,17.385,365.085
374-17-3652,C-23-1-103,Female,Food_and_beverages,42.82,9,19.269,404.649
378-07-7001,C-23-1-104,Male,Electronic_accessories,48.09,3,7.2135,151.4835
433-75-6987,C-23-1-105,Female,Health_and_beauty,55.97,7,19.5895,411.3795
873-95-4984,C-23-1-106,Female,Health_and_beauty,76.9,7,26.915,565.215
400-45-1220,C-23-1-107,Female,Health_and_beauty,13.5,10,6.75,141.75
115-99-4379,C-23-1-108,Female,Fashion_accessories,54.73,7,19.1555,402.2655
565-67-6697,C-23-1-109,Male,Home_and_lifestyle,27,9,12.15,255.15
889-04-9723,C-23-1-110,Female,Food_and_beverages,89.14,4,17.828,374.388
453-63-6187,C-23-1-111,Male,Electronic_accessories,27.5,3,4.125,86.625
578-80-7669,C-23-1-112,Male,Sports_and_travel,74.97,1,3.7485,78.7185
201-86-2184,C-23-1-113,Female,Electronic_accessories,26.26,7,9.191,193.011
261-12-8671,C-23-1-114,Female,Fashion_accessories,60.96,2,6.096,128.016
843-01-4703,C-23-1-115,Female,Home_and_lifestyle,35.38,9,15.921,334.341
182-69-8360,C-23-1-116,Female,Electronic_accessories,23.65,4,4.73,99.33
868-52-7573,C-23-1-117,Female,Food_and_beverages,99.69,5,24.9225,523.3725
525-88-7307,C-23-1-118,Male,Sports_and_travel,75.82,1,3.791,79.611
596-42-3999,C-23-1-119,Male,Food_and_beverages,18.22,7,6.377,133.917
173-82-9529,C-23-1-120,Female,Fashion_accessories,37.95,10,18.975,398.475
760-54-1821,C-23-1-121,Male,Home_and_lifestyle,13.59,9,6.1155,128.4255
793-10-3222,C-23-1-122,Female,Health_and_beauty,41.06,6,12.318,258.678
346-12-3257,C-23-1-123,Male,Electronic_accessories,19.24,9,8.658,181.818
831-64-0259,C-23-1-124,Female,Fashion_accessories,39.75,5,9.9375,208.6875
725-32-9708,C-23-1-125,Female,Fashion_accessories,68.71,4,13.742,288.582
244-08-0162,C-23-1-126,Female,Health_and_beauty,34.21,10,17.105,359.205
569-71-4390,C-23-1-127,Male,Sports_and_travel,21.87,2,2.187,45.927
268-03-6164,C-23-1-128,Male,Health_and_beauty,96.11,1,4.8055,100.9155
848-07-1692,C-23-1-129,Female,Health_and_beauty,57.22,2,5.722,120.162
301-81-8610,C-23-1-130,Male,Fashion_accessories,25.42,8,10.168,213.528
198-84-7132,C-23-1-131,Male,Fashion_accessories,40.61,9,18.2745,383.7645
650-98-6268,C-23-1-132,Female,Food_and_beverages,20.87,3,3.1305,65.7405
741-73-3559,C-23-1-133,Male,Sports_and_travel,67.27,5,16.8175,353.1675
286-75-7818,C-23-1-134,Male,Fashion_accessories,69.08,2,6.908,145.068
616-87-0016,C-23-1-135,Male,Fashion_accessories,95.54,7,33.439,702.219
837-55-7229,C-23-1-136,Female,Fashion_accessories,47.44,1,2.372,49.812
394-30-3170,C-23-1-137,Female,Sports_and_travel,88.43,8,35.372,742.812
390-80-5128,C-23-1-138,Female,Health_and_beauty,19.15,1,0.9575,20.1075
296-11-7041,C-23-1-139,Female,Health_and_beauty,27.07,1,1.3535,28.4235
449-27-2918,C-23-1-140,Female,Sports_and_travel,39.12,1,1.956,41.076
891-01-7034,C-23-1-141,Female,Electronic_accessories,74.71,6,22.413,470.673
744-09-5786,C-23-1-142,Male,Electronic_accessories,22.01,6,6.603,138.663
767-54-1907,C-23-1-143,Female,Fashion_accessories,29.56,5,7.39,155.19
710-46-4433,C-23-1-144,Female,Food_and_beverages,77.4,9,34.83,731.43
533-33-5337,C-23-1-145,Male,Electronic_accessories,79.39,10,39.695,833.595
234-03-4040,C-23-1-146,Female,Food_and_beverages,73.05,10,36.525,767.025
554-53-3790,C-23-1-147,Male,Sports_and_travel,37.02,6,11.106,233.226
731-59-7531,C-23-1-148,Male,Health_and_beauty,72.57,8,29.028,609.588
701-69-8742,C-23-1-149,Male,Sports_and_travel,34.37,10,17.185,360.885
305-18-3552,C-23-1-150,Male,Home_and_lifestyle,60.38,10,30.19,633.99
438-01-4015,C-23-1-151,Female,Sports_and_travel,49.49,4,9.898,207.858
709-58-4068,C-23-1-152,Female,Fashion_accessories,41.09,10,20.545,431.445
627-95-3243,C-23-1-153,Female,Home_and_lifestyle,77.68,9,34.956,734.076
686-41-0932,C-23-1-154,Female,Fashion_accessories,34.7,2,3.47,72.87
608-04-3797,C-23-1-155,Female,Health_and_beauty,25.32,8,10.128,212.688
437-53-3084,C-23-1-156,Male,Fashion_accessories,99.89,2,9.989,209.769
632-32-4574,C-23-1-157,Male,Sports_and_travel,75.92,8,30.368,637.728
401-18-8016,C-23-1-158,Female,Sports_and_travel,98.13,1,4.9065,103.0365
277-63-2961,C-23-1-159,Male,Sports_and_travel,73.97,1,3.6985,77.6685
282-35-2475,C-23-1-160,Female,Sports_and_travel,93.31,2,9.331,195.951
511-54-3087,C-23-1-161,Male,Sports_and_travel,88.45,1,4.4225,92.8725
387-49-4215,C-23-1-162,Female,Sports_and_travel,48.5,3,7.275,152.775
862-17-9201,C-23-1-163,Female,Food_and_beverages,84.05,6,25.215,529.515
291-21-5991,C-23-1-164,Male,Health_and_beauty,61.29,5,15.3225,321.7725
347-72-6115,C-23-1-165,Female,Sports_and_travel,90.74,7,31.759,666.939
425-85-2085,C-23-1-166,Male,Health_and_beauty,54.86,5,13.715,288.015
734-91-1155,C-23-1-167,Female,Electronic_accessories,45.71,3,6.8565,143.9865
286-62-6248,C-23-1-168,Male,Fashion_accessories,39.21,4,7.842,164.682
339-38-9982,C-23-1-169,Male,Fashion_accessories,59.86,2,5.986,125.706
827-44-5872,C-23-1-170,Female,Food_and_beverages,54.36,10,27.18,570.78
857-67-9057,C-23-1-171,Male,Electronic_accessories,22.95,10,11.475,240.975
339-12-4827,C-23-1-172,Female,Fashion_accessories,73.96,1,3.698,77.658
173-50-1108,C-23-1-173,Female,Sports_and_travel,20.18,4,4.036,84.756
841-18-8232,C-23-1-174,Female,Food_and_beverages,71.2,1,3.56,74.76
701-23-5550,C-23-1-175,Male,Home_and_lifestyle,38.81,4,7.762,163.002
539-21-7227,C-23-1-176,Female,Sports_and_travel,51.54,5,12.885,270.585
747-58-7183,C-23-1-177,Male,Fashion_accessories,57.27,3,8.5905,180.4005
582-52-8065,C-23-1-178,Female,Fashion_accessories,54.31,9,24.4395,513.2295
210-57-1719,C-23-1-179,Female,Health_and_beauty,58.24,9,26.208,550.368
356-44-8813,C-23-1-180,Male,Home_and_lifestyle,37.48,3,5.622,118.062
198-66-9832,C-23-1-181,Female,Fashion_accessories,72.04,2,7.204,151.284
174-75-0888,C-23-1-182,Male,Electronic_accessories,21.58,9,9.711,203.931
134-54-4720,C-23-1-183,Female,Electronic_accessories,42.42,8,16.968,356.328
514-37-2845,C-23-1-184,Male,Fashion_accessories,99.25,2,9.925,208.425
241-11-2261,C-23-1-185,Female,Fashion_accessories,79.86,7,27.951,586.971
834-83-1826,C-23-1-186,Female,Home_and_lifestyle,82.04,5,20.51,430.71
343-61-3544,C-23-1-187,Male,Sports_and_travel,26.67,10,13.335,280.035
355-34-6244,C-23-1-188,Male,Food_and_beverages,72.39,2,7.239,152.019
339-96-8318,C-23-1-189,Male,Fashion_accessories,81.31,7,28.4585,597.6285
458-61-0011,C-23-1-190,Male,Food_and_beverages,60.3,4,12.06,253.26
207-73-1363,C-23-1-191,Male,Health_and_beauty,69.51,2,6.951,145.971
359-90-3665,C-23-1-192,Female,Fashion_accessories,18.08,4,3.616,75.936
375-72-3056,C-23-1-193,Male,Sports_and_travel,63.06,3,9.459,198.639
585-11-6748,C-23-1-194,Male,Sports_and_travel,96.8,3,14.52,304.92
470-31-3286,C-23-1-195,Male,Health_and_beauty,14.82,3,2.223,46.683
642-30-6693,C-23-1-196,Female,Sports_and_travel,54.51,6,16.353,343.413
830-58-2383,C-23-1-197,Male,Home_and_lifestyle,31.75,4,6.35,133.35
349-97-8902,C-23-1-198,Male,Food_and_beverages,57.89,2,5.789,121.569
789-23-8625,C-23-1-199,Male,Fashion_accessories,93.22,3,13.983,293.643
327-40-9673,C-23-1-200,Male,Sports_and_travel,72.6,6,21.78,457.38
670-79-6321,C-23-1-201,Female,Home_and_lifestyle,94.59,7,33.1065,695.2365
852-62-7105,C-23-1-202,Female,Fashion_accessories,83.25,10,41.625,874.125
598-06-7312,C-23-1-203,Male,Fashion_accessories,91.35,1,4.5675,95.9175
135-13-8269,C-23-1-204,Female,Food_and_beverages,78.88,2,7.888,165.648
628-90-8624,C-23-1-205,Male,Health_and_beauty,82.58,10,41.29,867.09
420-04-7590,C-23-1-206,Male,Home_and_lifestyle,99.7,3,14.955,314.055
182-88-2763,C-23-1-207,Male,Food_and_beverages,79.91,3,11.9865,251.7165
188-55-0967,C-23-1-208,Male,Health_and_beauty,66.47,10,33.235,697.935
364-33-8584,C-23-1-209,Female,Food_and_beverages,17.63,5,4.4075,92.5575
665-63-9737,C-23-1-210,Male,Fashion_accessories,52.42,3,7.863,165.123
695-09-5146,C-23-1-211,Female,Food_and_beverages,98.79,3,14.8185,311.1885
794-32-2436,C-23-1-212,Male,Electronic_accessories,55.67,2,5.567,116.907
574-31-8277,C-23-1-213,Male,Fashion_accessories,33.63,1,1.6815,35.3115
369-82-2676,C-23-1-214,Male,Electronic_accessories,75.66,5,18.915,397.215
563-47-4072,C-23-1-215,Female,Health_and_beauty,55.81,6,16.743,351.603
149-15-7606,C-23-1-216,Male,Sports_and_travel,37.32,9,16.794,352.674
133-77-3154,C-23-1-217,Male,Fashion_accessories,60.18,4,12.036,252.756
322-02-2271,C-23-1-218,Female,Sports_and_travel,42.97,3,6.4455,135.3555
725-67-2480,C-23-1-219,Female,Fashion_accessories,58.75,6,17.625,370.125
779-42-2410,C-23-1-220,Male,Food_and_beverages,57.74,3,8.661,181.881
190-14-3147,C-23-1-221,Female,Health_and_beauty,17.97,4,3.594,75.474
679-22-6530,C-23-1-222,Female,Sports_and_travel,40.62,2,4.062,85.302
642-61-4706,C-23-1-223,Male,Food_and_beverages,93.4,2,9.34,196.14
576-31-4774,C-23-1-224,Female,Health_and_beauty,73.41,3,11.0115,231.2415
242-11-3142,C-23-1-225,Male,Fashion_accessories,83.77,2,8.377,175.917
752-23-3760,C-23-1-226,Female,Sports_and_travel,64.08,7,22.428,470.988
528-87-5606,C-23-1-227,Female,Electronic_accessories,39.48,1,1.974,41.454
320-85-2052,C-23-1-228,Female,Sports_and_travel,34.81,1,1.7405,36.5505
510-79-0415,C-23-1-229,Female,Sports_and_travel,23.08,6,6.924,145.404
241-96-5076,C-23-1-230,Female,Home_and_lifestyle,49.1,2,4.91,103.11
767-97-4650,C-23-1-231,Female,Sports_and_travel,64.83,2,6.483,136.143
826-58-8051,C-23-1-232,Male,Home_and_lifestyle,62.19,4,12.438,261.198
176-64-7711,C-23-1-233,Male,Food_and_beverages,32.32,3,4.848,101.808
191-29-0321,C-23-1-234,Female,Fashion_accessories,19.77,10,9.885,207.585
729-06-2010,C-23-1-235,Male,Health_and_beauty,80.47,9,36.2115,760.4415
640-48-5028,C-23-1-236,Female,Home_and_lifestyle,88.39,9,39.7755,835.2855
186-79-9562,C-23-1-237,Male,Health_and_beauty,71.77,7,25.1195,527.5095
834-45-5519,C-23-1-238,Female,Electronic_accessories,43,4,8.6,180.6
821-14-9046,C-23-1-239,Female,Fashion_accessories,17.48,6,5.244,110.124
418-05-0656,C-23-1-240,Female,Fashion_accessories,25.56,7,8.946,187.866
776-68-1096,C-23-1-241,Male,Home_and_lifestyle,44.12,3,6.618,138.978
434-35-9162,C-23-1-242,Male,Food_and_beverages,23.34,4,4.668,98.028
174-64-0215,C-23-1-243,Male,Sports_and_travel,69.74,10,34.87,732.27
299-29-0180,C-23-1-244,Female,Home_and_lifestyle,52.18,7,18.263,383.523
438-23-1242,C-23-1-245,Male,Electronic_accessories,75.88,7,26.558,557.718
238-45-6950,C-23-1-246,Male,Food_and_beverages,53.72,1,2.686,56.406
197-77-7132,C-23-1-247,Male,Electronic_accessories,91.56,8,36.624,769.104
457-13-1708,C-23-1-248,Male,Fashion_accessories,65.23,10,32.615,684.915
487-79-6868,C-23-1-249,Female,Home_and_lifestyle,12.29,9,5.5305,116.1405
210-30-7976,C-23-1-250,Female,Fashion_accessories,22.32,4,4.464,93.744
775-72-1988,C-23-1-251,Male,Home_and_lifestyle,73.28,5,18.32,384.72
785-96-0615,C-23-1-252,Female,Electronic_accessories,35.74,8,14.296,300.216
842-40-8179,C-23-1-253,Female,Food_and_beverages,77.2,10,38.6,810.6
525-09-8450,C-23-1-254,Male,Electronic_accessories,72.13,10,36.065,757.365
593-14-4239,C-23-1-255,Female,Home_and_lifestyle,95.46,8,38.184,801.864
388-76-2555,C-23-1-256,Male,Sports_and_travel,13.69,6,4.107,86.247
711-31-1234,C-23-1-257,Female,Electronic_accessories,95.64,4,19.128,401.688
707-32-7409,C-23-1-258,Female,Sports_and_travel,95.54,4,19.108,401.268
120-54-2248,C-23-1-259,Female,Food_and_beverages,28.86,5,7.215,151.515
875-31-8302,C-23-1-260,Male,Sports_and_travel,93.38,1,4.669,98.049
457-94-0464,C-23-1-261,Male,Electronic_accessories,87.87,9,39.5415,830.3715
744-16-7898,C-23-1-262,Female,Home_and_lifestyle,97.37,10,48.685,1022.385
605-83-1050,C-23-1-263,Male,Fashion_accessories,27.18,2,2.718,57.078
359-94-5395,C-23-1-264,Male,Health_and_beauty,92.78,1,4.639,97.419
751-15-6198,C-23-1-265,Male,Sports_and_travel,23.01,6,6.903,144.963
831-81-6575,C-23-1-266,Female,Electronic_accessories,75.59,9,34.0155,714.3255
559-61-5987,C-23-1-267,Female,Health_and_beauty,17.75,1,0.8875,18.6375
565-91-4567,C-23-1-268,Male,Health_and_beauty,10.75,8,4.3,90.3
499-27-7781,C-23-1-269,Female,Food_and_beverages,53.21,8,21.284,446.964
869-11-3082,C-23-1-270,Male,Health_and_beauty,96.16,4,19.232,403.872
190-59-3964,C-23-1-271,Male,Food_and_beverages,47.16,5,11.79,247.59
366-43-6862,C-23-1-272,Male,Electronic_accessories,52.89,4,10.578,222.138
109-86-4363,C-23-1-273,Female,Sports_and_travel,60.08,7,21.028,441.588
222-42-0244,C-23-1-274,Female,Health_and_beauty,72.11,9,32.4495,681.4395
636-17-0325,C-23-1-275,Male,Health_and_beauty,62.57,4,12.514,262.794
343-75-9322,C-23-1-276,Female,Sports_and_travel,11.85,8,4.74,99.54
427-45-9297,C-23-1-277,Female,Home_and_lifestyle,40.73,7,14.2555,299.3655
670-71-7306,C-23-1-278,Male,Sports_and_travel,44.63,6,13.389,281.169
291-59-1384,C-23-1-279,Male,Electronic_accessories,60.3,1,3.015,63.315
866-70-2814,C-23-1-280,Female,Electronic_accessories,52.79,10,26.395,554.295
895-03-6665,C-23-1-281,Female,Fashion_accessories,36.51,9,16.4295,345.0195
770-42-8960,C-23-1-282,Male,Food_and_beverages,21.12,8,8.448,177.408
234-36-2483,C-23-1-283,Male,Health_and_beauty,57.59,6,17.277,362.817
152-03-4217,C-23-1-284,Female,Home_and_lifestyle,11.28,9,5.076,106.596
533-66-5566,C-23-1-285,Female,Home_and_lifestyle,51.07,7,17.8745,375.3645
361-59-0574,C-23-1-286,Male,Sports_and_travel,90.53,8,36.212,760.452
544-55-9589,C-23-1-287,Female,Electronic_accessories,21.43,10,10.715,225.015
608-05-3804,C-23-1-288,Male,Electronic_accessories,39.75,1,1.9875,41.7375
761-49-0439,C-23-1-289,Female,Electronic_accessories,12.1,8,4.84,101.64
490-95-0021,C-23-1-290,Female,Food_and_beverages,33.21,10,16.605,348.705
311-13-6971,C-23-1-291,Male,Sports_and_travel,31.99,10,15.995,335.895
114-35-5271,C-23-1-292,Female,Electronic_accessories,57.91,8,23.164,486.444
715-20-1673,C-23-1-293,Male,Electronic_accessories,28.38,5,7.095,148.995
811-35-1094,C-23-1-294,Male,Electronic_accessories,50.45,6,15.135,317.835
699-88-1972,C-23-1-295,Male,Health_and_beauty,99.16,8,39.664,832.944
509-10-0516,C-23-1-296,Male,Home_and_lifestyle,45.97,4,9.194,193.074
851-98-3555,C-23-1-297,Female,Health_and_beauty,82.88,5,20.72,435.12
624-01-8356,C-23-1-298,Female,Home_and_lifestyle,49.01,10,24.505,514.605
313-66-9943,C-23-1-299,Female,Food_and_beverages,29.15,3,4.3725,91.8225
777-67-2495,C-23-1-300,Male,Home_and_lifestyle,68.97,3,10.3455,217.2555
636-98-3364,C-23-1-301,Female,Electronic_accessories,26.26,3,3.939,82.719
181-82-6255,C-23-1-302,Female,Home_and_lifestyle,16.37,6,4.911,103.131
226-34-0034,C-23-1-303,Female,Electronic_accessories,13.78,4,2.756,57.876
321-49-7382,C-23-1-304,Male,Sports_and_travel,88.31,1,4.4155,92.7255
431-66-2305,C-23-1-305,Female,Electronic_accessories,88.25,9,39.7125,833.9625
825-94-5922,C-23-1-306,Male,Sports_and_travel,25.31,2,2.531,53.151
641-62-7288,C-23-1-307,Male,Home_and_lifestyle,99.92,6,29.976,629.496
501-61-1753,C-23-1-308,Female,Home_and_lifestyle,63.15,6,18.945,397.845
676-10-2200,C-23-1-309,Male,Fashion_accessories,53.78,1,2.689,56.469
365-16-4334,C-23-1-310,Female,Food_and_beverages,26.43,8,10.572,222.012
503-21-4385,C-23-1-311,Male,Health_and_beauty,39.91,3,5.9865,125.7165
305-89-2768,C-23-1-312,Female,Home_and_lifestyle,21.9,3,3.285,68.985
574-80-1489,C-23-1-313,Female,Food_and_beverages,62.85,4,12.57,263.97
200-40-6154,C-23-1-314,Male,Home_and_lifestyle,65.91,6,19.773,415.233
430-02-3888,C-23-1-315,Male,Electronic_accessories,46.02,6,13.806,289.926
794-42-3736,C-23-1-316,Male,Food_and_beverages,33.33,2,3.333,69.993
172-42-8274,C-23-1-317,Female,Electronic_accessories,38.27,2,3.827,80.367
214-30-2776,C-23-1-318,Female,Electronic_accessories,34.49,5,8.6225,181.0725
746-04-1077,C-23-1-319,Female,Food_and_beverages,84.63,10,42.315,888.615
448-34-8700,C-23-1-320,Male,Home_and_lifestyle,36.91,7,12.9185,271.2885
452-04-8808,C-23-1-321,Male,Electronic_accessories,87.08,7,30.478,640.038
883-69-1285,C-23-1-322,Male,Fashion_accessories,49.92,2,4.992,104.832
518-71-6847,C-23-1-323,Male,Food_and_beverages,26.6,6,7.98,167.58
156-20-0370,C-23-1-324,Female,Electronic_accessories,25.45,1,1.2725,26.7225
151-33-7434,C-23-1-325,Female,Food_and_beverages,67.77,1,3.3885,71.1585
374-38-5555,C-23-1-326,Female,Fashion_accessories,63.71,5,15.9275,334.4775
764-44-8999,C-23-1-327,Female,Health_and_beauty,14.76,2,1.476,30.996
552-44-5977,C-23-1-328,Male,Health_and_beauty,62,8,24.8,520.8
430-53-4718,C-23-1-329,Male,Health_and_beauty,75.37,8,30.148,633.108
602-16-6955,C-23-1-330,Female,Sports_and_travel,76.6,10,38.3,804.3
690-01-6631,C-23-1-331,Male,Fashion_accessories,17.49,10,8.745,183.645
303-96-2227,C-23-1-332,Female,Home_and_lifestyle,97.38,10,48.69,1022.49
226-31-3081,C-23-1-333,Female,Electronic_accessories,15.28,5,3.82,80.22
699-14-3026,C-23-1-334,Male,Electronic_accessories,85.39,7,29.8865,627.6165
315-22-5665,C-23-1-335,Female,Home_and_lifestyle,73.56,10,36.78,772.38
300-71-4605,C-23-1-336,Male,Electronic_accessories,86.04,5,21.51,451.71
183-56-6882,C-23-1-337,Female,Food_and_beverages,99.42,4,19.884,417.564
232-16-2483,C-23-1-338,Female,Sports_and_travel,68.12,1,3.406,71.526
333-73-7901,C-23-1-339,Female,Health_and_beauty,54.92,8,21.968,461.328
554-53-8700,C-23-1-340,Male,Home_and_lifestyle,56.11,2,5.611,117.831
228-96-1411,C-23-1-341,Female,Food_and_beverages,98.7,8,39.48,829.08
617-15-4209,C-23-1-342,Male,Health_and_beauty,15.37,2,1.537,32.277
574-22-5561,C-23-1-343,Female,Fashion_accessories,82.63,10,41.315,867.615
326-78-5178,C-23-1-344,Male,Food_and_beverages,91.4,7,31.99,671.79
778-71-5554,C-23-1-345,Male,Fashion_accessories,15.43,1,0.7715,16.2015
399-46-5918,C-23-1-346,Female,Electronic_accessories,85.98,8,34.392,722.232
120-06-4233,C-23-1-347,Male,Electronic_accessories,30.61,6,9.183,192.843
285-68-5083,C-23-1-348,Female,Sports_and_travel,24.74,3,3.711,77.931
803-83-5989,C-23-1-349,Male,Home_and_lifestyle,55.73,6,16.719,351.099
838-78-4295,C-23-1-350,Female,Health_and_beauty,33.47,2,3.347,70.287
393-65-2792,C-23-1-351,Male,Food_and_beverages,89.48,10,44.74,939.54
796-12-2025,C-23-1-352,Male,Fashion_accessories,62.12,10,31.06,652.26
841-35-6630,C-23-1-353,Female,Electronic_accessories,75.91,6,22.773,478.233
732-94-0499,C-23-1-354,Female,Electronic_accessories,41.65,10,20.825,437.325
263-10-3913,C-23-1-355,Male,Fashion_accessories,49.04,9,22.068,463.428
829-49-1914,C-23-1-356,Female,Food_and_beverages,78.31,10,39.155,822.255
756-01-7507,C-23-1-357,Female,Health_and_beauty,20.38,5,5.095,106.995
870-72-4431,C-23-1-358,Female,Health_and_beauty,99.19,6,29.757,624.897
480-63-2856,C-23-1-359,Male,Food_and_beverages,19.25,8,7.7,161.7
787-56-0757,C-23-1-360,Female,Food_and_beverages,80.36,4,16.072,337.512
360-39-5055,C-23-1-361,Male,Sports_and_travel,48.91,5,12.2275,256.7775
730-50-9884,C-23-1-362,Female,Sports_and_travel,83.06,7,29.071,610.491
362-58-8315,C-23-1-363,Male,Fashion_accessories,76.52,5,19.13,401.73
565-80-5980,C-23-1-364,Female,Home_and_lifestyle,47.38,4,9.476,198.996
225-32-0908,C-23-1-365,Female,Sports_and_travel,44.86,10,22.43,471.03
512-91-0811,C-23-1-366,Male,Health_and_beauty,89.75,1,4.4875,94.2375
871-39-9221,C-23-1-367,Female,Electronic_accessories,12.45,6,3.735,78.435
163-56-7055,C-23-1-368,Male,Fashion_accessories,48.71,1,2.4355,51.1455
189-98-2939,C-23-1-369,Male,Fashion_accessories,78.55,9,35.3475,742.2975
551-21-3069,C-23-1-370,Female,Electronic_accessories,23.07,9,10.3815,218.0115
628-34-3388,C-23-1-371,Male,Fashion_accessories,27.38,6,8.214,172.494
588-01-7461,C-23-1-372,Female,Food_and_beverages,33.98,9,15.291,321.111
861-77-0145,C-23-1-373,Male,Electronic_accessories,81.97,10,40.985,860.685
210-67-5886,C-23-1-374,Female,Health_and_beauty,98.21,3,14.7315,309.3615
237-01-6122,C-23-1-375,Female,Home_and_lifestyle,80.79,9,36.3555,763.4655
225-98-1496,C-23-1-376,Female,Fashion_accessories,27.02,3,4.053,85.113
659-36-1684,C-23-1-377,Male,Sports_and_travel,57.12,7,19.992,419.832
336-78-2147,C-23-1-378,Male,Home_and_lifestyle,63.91,8,25.564,536.844
189-08-9157,C-23-1-379,Female,Fashion_accessories,31.73,9,14.2785,299.8485
663-86-9076,C-23-1-380,Female,Food_and_beverages,68.54,8,27.416,575.736
483-71-1164,C-23-1-381,Female,Health_and_beauty,81.3,6,24.39,512.19
597-78-7908,C-23-1-382,Male,Fashion_accessories,90.22,3,13.533,284.193
731-81-9469,C-23-1-383,Female,Sports_and_travel,89.8,10,44.9,942.9
280-17-4359,C-23-1-384,Male,Health_and_beauty,90.5,10,45.25,950.25
338-65-2210,C-23-1-385,Female,Health_and_beauty,68.6,10,34.3,720.3
488-25-4221,C-23-1-386,Female,Food_and_beverages,30.41,1,1.5205,31.9305
458-41-1477,C-23-1-387,Female,Health_and_beauty,46.26,6,13.878,291.438
568-90-5112,C-23-1-388,Male,Health_and_beauty,66.14,4,13.228,277.788
584-86-7256,C-23-1-389,Male,Sports_and_travel,34.56,7,12.096,254.016
214-17-6927,C-23-1-390,Female,Food_and_beverages,16.48,6,4.944,103.824
400-89-4171,C-23-1-391,Female,Sports_and_travel,80.97,8,32.388,680.148
894-41-5205,C-23-1-392,Female,Food_and_beverages,43.18,8,17.272,362.712
423-80-0988,C-23-1-393,Male,Sports_and_travel,76.4,2,7.64,160.44
234-65-2137,C-23-1-394,Male,Home_and_lifestyle,95.58,10,47.79,1003.59
733-33-4967,C-23-1-395,Male,Electronic_accessories,20.85,8,8.34,175.14
139-52-2867,C-23-1-396,Female,Fashion_accessories,22.51,7,7.8785,165.4485
342-65-4817,C-23-1-397,Male,Health_and_beauty,86.8,3,13.02,273.42
130-98-8941,C-23-1-398,Male,Fashion_accessories,64.26,7,22.491,472.311
434-83-9547,C-23-1-399,Male,Food_and_beverages,38.47,8,15.388,323.148
824-88-3614,C-23-1-400,Male,Health_and_beauty,34.31,8,13.724,288.204
593-65-1552,C-23-1-401,Female,Home_and_lifestyle,69.81,4,13.962,293.202
286-43-6208,C-23-1-402,Female,Food_and_beverages,87.8,9,39.51,829.71
556-86-3144,C-23-1-403,Female,Fashion_accessories,74.29,1,3.7145,78.0045
848-24-9445,C-23-1-404,Male,Health_and_beauty,43.7,2,4.37,91.77
699-01-4164,C-23-1-405,Male,Health_and_beauty,41.5,4,8.3,174.3
420-11-4919,C-23-1-406,Female,Food_and_beverages,71.39,5,17.8475,374.7975
606-80-4905,C-23-1-407,Female,Sports_and_travel,19.15,6,5.745,120.645
426-39-2418,C-23-1-408,Male,Electronic_accessories,61.41,7,21.4935,451.3635
672-51-8681,C-23-1-409,Female,Electronic_accessories,66.65,9,29.9925,629.8425
263-87-5680,C-23-1-410,Female,Home_and_lifestyle,28.53,10,14.265,299.565
677-11-0152,C-23-1-411,Female,Food_and_beverages,93.26,9,41.967,881.307
389-25-3394,C-23-1-412,Male,Electronic_accessories,11.81,5,2.9525,62.0025
279-62-1445,C-23-1-413,Female,Fashion_accessories,12.54,1,0.627,13.167
746-68-6593,C-23-1-414,Female,Sports_and_travel,87.16,2,8.716,183.036
583-72-1480,C-23-1-415,Male,Electronic_accessories,37.06,4,7.412,155.652
211-30-9270,C-23-1-416,Male,Health_and_beauty,17.41,5,4.3525,91.4025
755-12-3214,C-23-1-417,Female,Fashion_accessories,44.22,5,11.055,232.155
142-72-4741,C-23-1-418,Male,Fashion_accessories,93.2,2,9.32,195.72
662-47-5456,C-23-1-419,Male,Fashion_accessories,35.19,10,17.595,369.495
883-17-4236,C-23-1-420,Female,Sports_and_travel,14.39,2,1.439,30.219
380-94-4661,C-23-1-421,Male,Electronic_accessories,65.94,4,13.188,276.948
821-07-3596,C-23-1-422,Female,Fashion_accessories,16.45,4,3.29,69.09
808-65-0703,C-23-1-423,Male,Home_and_lifestyle,35.47,4,7.094,148.974
687-15-1097,C-23-1-424,Female,Health_and_beauty,21.12,2,2.112,44.352
526-86-8552,C-23-1-425,Female,Home_and_lifestyle,21.82,10,10.91,229.11
376-56-3573,C-23-1-426,Female,Fashion_accessories,95.42,4,19.084,400.764
537-72-0426,C-23-1-427,Male,Fashion_accessories,70.99,10,35.495,745.395
523-38-0215,C-23-1-428,Male,Home_and_lifestyle,37,1,1.85,38.85
593-95-4461,C-23-1-429,Male,Home_and_lifestyle,74.86,1,3.743,78.603
226-71-3580,C-23-1-430,Female,Sports_and_travel,23.75,9,10.6875,224.4375
558-80-4082,C-23-1-431,Male,Electronic_accessories,27.85,7,9.7475,204.6975
211-05-0490,C-23-1-432,Female,Electronic_accessories,51.92,5,12.98,272.58
727-75-6477,C-23-1-433,Male,Electronic_accessories,28.84,4,5.768,121.128
779-06-0012,C-23-1-434,Female,Home_and_lifestyle,88.61,1,4.4305,93.0405
446-47-6729,C-23-1-435,Male,Fashion_accessories,99.82,2,9.982,209.622
735-06-4124,C-23-1-436,Male,Food_and_beverages,48.61,1,2.4305,51.0405
181-94-6432,C-23-1-437,Male,Fashion_accessories,69.33,2,6.933,145.593
227-07-4446,C-23-1-438,Female,Electronic_accessories,78.13,10,39.065,820.365
174-36-3675,C-23-1-439,Male,Food_and_beverages,99.37,2,9.937,208.677
428-83-5800,C-23-1-440,Female,Food_and_beverages,21.08,3,3.162,66.402
603-07-0961,C-23-1-441,Male,Electronic_accessories,74.79,5,18.6975,392.6475
704-20-4138,C-23-1-442,Female,Health_and_beauty,29.67,7,10.3845,218.0745
787-15-1757,C-23-1-443,Male,Health_and_beauty,44.07,4,8.814,185.094
649-11-3678,C-23-1-444,Female,Food_and_beverages,22.93,9,10.3185,216.6885
622-20-1945,C-23-1-445,Female,Health_and_beauty,39.42,1,1.971,41.391
719-76-3868,C-23-1-446,Male,Food_and_beverages,94.26,4,18.852,395.892
835-16-0096,C-23-1-447,Male,Sports_and_travel,14.7,5,3.675,77.175
633-09-3463,C-23-1-448,Female,Electronic_accessories,47.65,3,7.1475,150.0975
416-13-5917,C-23-1-449,Female,Food_and_beverages,97.03,5,24.2575,509.4075
725-96-3778,C-23-1-450,Female,Home_and_lifestyle,89.25,8,35.7,749.7
860-79-0874,C-23-1-451,Female,Fashion_accessories,99.3,10,49.65,1042.65
320-49-6392,C-23-1-452,Female,Electronic_accessories,30.24,1,1.512,31.752
632-90-0281,C-23-1-453,Female,Fashion_accessories,37.55,10,18.775,394.275
554-42-2417,C-23-1-454,Female,Sports_and_travel,95.44,10,47.72,1002.12
605-72-4132,C-23-1-455,Female,Food_and_beverages,94.47,8,37.788,793.548
471-41-2823,C-23-1-456,Male,Food_and_beverages,99.79,2,9.979,209.559
272-27-9238,C-23-1-457,Female,Food_and_beverages,41.24,4,8.248,173.208
834-25-9262,C-23-1-458,Female,Fashion_accessories,81.68,4,16.336,343.056
122-61-9553,C-23-1-459,Female,Electronic_accessories,51.32,9,23.094,484.974
613-59-9758,C-23-1-460,Female,Sports_and_travel,14.36,10,7.18,150.78
730-70-9830,C-23-1-461,Female,Home_and_lifestyle,70.11,6,21.033,441.693
382-25-8917,C-23-1-462,Male,Fashion_accessories,42.08,6,12.624,265.104
743-88-1662,C-23-1-463,Male,Sports_and_travel,95.49,7,33.4215,701.8515
595-86-2894,C-23-1-464,Male,Fashion_accessories,96.98,4,19.396,407.316
462-78-5240,C-23-1-465,Female,Electronic_accessories,26.61,2,2.661,55.881
153-58-4872,C-23-1-466,Female,Food_and_beverages,74.89,4,14.978,314.538
689-16-9784,C-23-1-467,Male,Food_and_beverages,46.77,6,14.031,294.651
394-41-0748,C-23-1-468,Female,Fashion_accessories,54.07,9,24.3315,510.9615
541-89-9860,C-23-1-469,Female,Fashion_accessories,80.48,3,12.072,253.512
110-05-6330,C-23-1-470,Female,Food_and_beverages,39.43,6,11.829,248.409
651-61-0874,C-23-1-471,Male,Home_and_lifestyle,46.22,4,9.244,194.124
236-86-3015,C-23-1-472,Male,Home_and_lifestyle,13.98,1,0.699,14.679
587-03-7455,C-23-1-473,Female,Fashion_accessories,97.79,7,34.2265,718.7565
372-26-1506,C-23-1-474,Female,Fashion_accessories,23.82,5,5.955,125.055
750-57-9686,C-23-1-475,Female,Home_and_lifestyle,45.38,4,9.076,190.596
186-09-3669,C-23-1-476,Female,Health_and_beauty,81.51,1,4.0755,85.5855
266-76-6436,C-23-1-477,Female,Food_and_beverages,38.6,3,5.79,121.59
740-22-2500,C-23-1-478,Female,Electronic_accessories,84.05,3,12.6075,264.7575
271-88-8734,C-23-1-479,Female,Fashion_accessories,97.21,10,48.605,1020.705
489-64-4354,C-23-1-480,Male,Fashion_accessories,16.28,1,0.814,17.094
574-57-9721,C-23-1-481,Male,Food_and_beverages,43.27,2,4.327,90.867
751-69-0068,C-23-1-482,Male,Sports_and_travel,99.24,9,44.658,937.818
257-73-1380,C-23-1-483,Male,Sports_and_travel,82.93,4,16.586,348.306
549-96-4200,C-23-1-484,Male,Food_and_beverages,17.04,4,3.408,71.568
810-60-6344,C-23-1-485,Female,Electronic_accessories,40.86,8,16.344,343.224
450-28-2866,C-23-1-486,Male,Food_and_beverages,17.44,5,4.36,91.56
192-98-7397,C-23-1-487,Male,Fashion_accessories,12.78,1,0.639,13.419
235-46-8343,C-23-1-488,Male,Food_and_beverages,27.66,10,13.83,290.43
453-12-7053,C-23-1-489,Male,Fashion_accessories,45.74,3,6.861,144.081
325-90-8763,C-23-1-490,Female,Electronic_accessories,46.57,10,23.285,488.985
729-46-7422,C-23-1-491,Male,Food_and_beverages,35.89,1,1.7945,37.6845
639-76-1242,C-23-1-492,Male,Food_and_beverages,40.52,5,10.13,212.73
326-71-2155,C-23-1-493,Female,Sports_and_travel,73.95,4,14.79,310.59
320-32-8842,C-23-1-494,Female,Food_and_beverages,22.62,1,1.131,23.751
878-30-2331,C-23-1-495,Female,Sports_and_travel,54.55,10,27.275,572.775
440-59-5691,C-23-1-496,Female,Health_and_beauty,37.15,7,13.0025,273.0525
746-19-0921,C-23-1-497,Male,Food_and_beverages,21.58,1,1.079,22.659
233-34-0817,C-23-1-498,Female,Electronic_accessories,98.84,1,4.942,103.782
767-05-1286,C-23-1-499,Female,Home_and_lifestyle,83.77,6,25.131,527.751
598-47-9715,C-23-1-500,Male,Electronic_accessories,84.07,4,16.814,353.094
541-08-3113,C-23-1-501,Male,Food_and_beverages,65.97,8,26.388,554.148
246-11-3901,C-23-1-502,Female,Electronic_accessories,32.8,10,16.4,344.4
493-65-6248,C-23-1-503,Female,Sports_and_travel,36.98,10,18.49,388.29
556-72-8512,C-23-1-504,Male,Home_and_lifestyle,22.96,1,1.148,24.108
148-82-2527,C-23-1-505,Female,Home_and_lifestyle,12.12,10,6.06,127.26
556-97-7101,C-23-1-506,Female,Electronic_accessories,63.22,2,6.322,132.762
862-59-8517,C-23-1-507,Female,Food_and_beverages,90.24,6,27.072,568.512
573-98-8548,C-23-1-508,Female,Fashion_accessories,31.9,1,1.595,33.495
620-02-2046,C-23-1-509,Male,Home_and_lifestyle,69.4,2,6.94,145.74
602-80-9671,C-23-1-510,Female,Home_and_lifestyle,15.95,6,4.785,100.485
503-07-0930,C-23-1-511,Male,Sports_and_travel,58.39,7,20.4365,429.1665
413-20-6708,C-23-1-512,Female,Fashion_accessories,51.47,1,2.5735,54.0435
521-18-7827,C-23-1-513,Male,Home_and_lifestyle,39.39,5,9.8475,206.7975
600-38-9738,C-23-1-514,Male,Sports_and_travel,71.92,5,17.98,377.58
451-28-5717,C-23-1-515,Female,Home_and_lifestyle,83.17,6,24.951,523.971
133-14-7229,C-23-1-516,Male,Health_and_beauty,62.87,2,6.287,132.027
236-27-1144,C-23-1-517,Female,Food_and_beverages,16.31,9,7.3395,154.1295
583-41-4548,C-23-1-518,Male,Home_and_lifestyle,16.67,7,5.8345,122.5245
358-88-9262,C-23-1-519,Female,Food_and_beverages,87.48,6,26.244,551.124
343-87-0864,C-23-1-520,Male,Health_and_beauty,75.88,1,3.794,79.674
243-47-2663,C-23-1-521,Male,Electronic_accessories,18.77,6,5.631,118.251
399-69-4630,C-23-1-522,Male,Electronic_accessories,22.21,6,6.663,139.923
283-26-5248,C-23-1-523,Female,Food_and_beverages,98.52,10,49.26,1034.46
866-99-7614,C-23-1-524,Male,Food_and_beverages,89.2,10,44.6,936.6
718-57-9773,C-23-1-525,Female,Sports_and_travel,49.33,10,24.665,517.965
408-26-9866,C-23-1-526,Female,Sports_and_travel,73.98,7,25.893,543.753
592-34-6155,C-23-1-527,Male,Food_and_beverages,31.77,4,6.354,133.434
390-31-6381,C-23-1-528,Male,Food_and_beverages,27.22,3,4.083,85.743
339-18-7061,C-23-1-529,Female,Fashion_accessories,92.98,2,9.298,195.258
379-17-6588,C-23-1-530,Male,Fashion_accessories,59.61,10,29.805,625.905
302-15-2162,C-23-1-531,Male,Health_and_beauty,46.53,6,13.959,293.139
788-07-8452,C-23-1-532,Female,Home_and_lifestyle,24.24,7,8.484,178.164
123-35-4896,C-23-1-533,Female,Sports_and_travel,46.66,9,20.997,440.937
258-69-7810,C-23-1-534,Female,Fashion_accessories,36.85,5,9.2125,193.4625
219-61-4139,C-23-1-535,Male,Electronic_accessories,83.08,1,4.154,87.234
881-41-7302,C-23-1-536,Female,Fashion_accessories,64.99,1,3.2495,68.2395
373-09-4567,C-23-1-537,Male,Food_and_beverages,77.56,10,38.78,814.38
484-22-8230,C-23-1-538,Female,Fashion_accessories,51.89,7,18.1615,381.3915
544-32-5024,C-23-1-539,Female,Food_and_beverages,49.79,4,9.958,209.118
277-35-5865,C-23-1-540,Female,Food_and_beverages,98.97,9,44.5365,935.2665
284-54-4231,C-23-1-541,Male,Sports_and_travel,80.93,1,4.0465,84.9765
840-19-2096,C-23-1-542,Male,Electronic_accessories,87.91,5,21.9775,461.5275
641-96-3695,C-23-1-543,Female,Fashion_accessories,43.46,6,13.038,273.798
318-81-2368,C-23-1-544,Female,Electronic_accessories,46.2,1,2.31,48.51
155-45-3814,C-23-1-545,Female,Electronic_accessories,88.55,8,35.42,743.82
131-15-8856,C-23-1-546,Female,Food_and_beverages,72.52,8,29.008,609.168
273-84-2164,C-23-1-547,Male,Electronic_accessories,12.05,5,3.0125,63.2625
778-89-7974,C-23-1-548,Male,Health_and_beauty,70.21,6,21.063,442.323
859-71-0933,C-23-1-549,Female,Sports_and_travel,15.49,2,1.549,32.529
740-11-5257,C-23-1-550,Male,Electronic_accessories,24.74,10,12.37,259.77
250-81-7186,C-23-1-551,Female,Electronic_accessories,99.69,1,4.9845,104.6745
842-29-4695,C-23-1-552,Male,Sports_and_travel,17.14,7,5.999,125.979
641-51-2661,C-23-1-553,Female,Food_and_beverages,87.1,10,43.55,914.55
714-02-3114,C-23-1-554,Female,Sports_and_travel,98.8,2,9.88,207.48
408-66-6712,C-23-1-555,Female,Health_and_beauty,47.71,6,14.313,300.573
556-41-6224,C-23-1-556,Male,Health_and_beauty,33.64,8,13.456,282.576
648-94-3045,C-23-1-557,Male,Health_and_beauty,58.95,10,29.475,618.975
370-96-0655,C-23-1-558,Female,Fashion_accessories,49.32,6,14.796,310.716
173-57-2300,C-23-1-559,Male,Sports_and_travel,72.88,2,7.288,153.048
394-55-6384,C-23-1-560,Female,Sports_and_travel,70.19,9,31.5855,663.2955
266-20-6657,C-23-1-561,Male,Food_and_beverages,55.04,7,19.264,404.544
196-01-2849,C-23-1-562,Female,Fashion_accessories,73.38,7,25.683,539.343
372-62-5264,C-23-1-563,Female,Food_and_beverages,52.6,9,23.67,497.07
751-41-9720,C-23-1-564,Male,Home_and_lifestyle,97.5,10,48.75,1023.75
626-43-7888,C-23-1-565,Female,Fashion_accessories,60.41,8,24.164,507.444
162-65-8559,C-23-1-566,Male,Food_and_beverages,68.98,1,3.449,72.429
760-27-5490,C-23-1-567,Male,Fashion_accessories,15.62,8,6.248,131.208
728-88-7867,C-23-1-568,Female,Home_and_lifestyle,75.53,4,15.106,317.226
183-21-3799,C-23-1-569,Female,Electronic_accessories,77.63,9,34.9335,733.6035
268-20-3585,C-23-1-570,Female,Health_and_beauty,13.85,9,6.2325,130.8825
735-32-9839,C-23-1-571,Male,Fashion_accessories,98.7,8,39.48,829.08
678-79-0726,C-23-1-572,Female,Sports_and_travel,90.63,9,40.7835,856.4535
592-46-1692,C-23-1-573,Female,Food_and_beverages,36.77,7,12.8695,270.2595
149-14-0304,C-23-1-574,Female,Health_and_beauty,28.5,8,11.4,239.4
442-44-6497,C-23-1-575,Male,Home_and_lifestyle,55.57,3,8.3355,175.0455
210-74-9613,C-23-1-576,Male,Fashion_accessories,97.26,4,19.452,408.492
607-65-2441,C-23-1-577,Male,Health_and_beauty,81.95,10,40.975,860.475
386-27-7606,C-23-1-578,Female,Home_and_lifestyle,81.2,7,28.42,596.82
137-63-5492,C-23-1-579,Male,Electronic_accessories,58.76,10,29.38,616.98
733-29-1227,C-23-1-580,Male,Home_and_lifestyle,55.61,7,19.4635,408.7335
451-73-2711,C-23-1-581,Male,Food_and_beverages,84.83,1,4.2415,89.0715
345-68-9016,C-23-1-582,Female,Sports_and_travel,31.67,8,12.668,266.028
390-17-5806,C-23-1-583,Female,Food_and_beverages,38.42,1,1.921,40.341
664-14-2882,C-23-1-584,Female,Home_and_lifestyle,10.53,5,2.6325,55.2825
314-23-4520,C-23-1-585,Male,Health_and_beauty,81.23,7,28.4305,597.0405
288-38-3758,C-23-1-586,Female,Fashion_accessories,84.87,3,12.7305,267.3405
801-88-0346,C-23-1-587,Female,Fashion_accessories,76.06,3,11.409,239.589
759-98-4285,C-23-1-588,Female,Health_and_beauty,85.87,7,30.0545,631.1445
201-63-8275,C-23-1-589,Female,Sports_and_travel,67.99,7,23.7965,499.7265
471-06-8611,C-23-1-590,Female,Food_and_beverages,52.42,1,2.621,55.041
200-16-5952,C-23-1-591,Male,Food_and_beverages,65.65,2,6.565,137.865
102-77-2261,C-23-1-592,Male,Health_and_beauty,65.31,7,22.8585,480.0285
102-06-2002,C-23-1-593,Male,Sports_and_travel,25.25,5,6.3125,132.5625
629-42-4133,C-23-1-594,Male,Health_and_beauty,21.8,8,8.72,183.12
468-99-7231,C-23-1-595,Female,Home_and_lifestyle,44.01,8,17.604,369.684
516-77-6464,C-23-1-596,Female,Health_and_beauty,10.16,5,2.54,53.34
886-77-9084,C-23-1-597,Male,Electronic_accessories,71.89,8,28.756,603.876
790-38-4466,C-23-1-598,Female,Health_and_beauty,10.99,5,2.7475,57.6975
704-10-4056,C-23-1-599,Male,Health_and_beauty,60.47,3,9.0705,190.4805
400-80-4065,C-23-1-600,Male,Health_and_beauty,68.55,4,13.71,287.91
443-60-9639,C-23-1-601,Female,Home_and_lifestyle,60.87,1,3.0435,63.9135
401-09-4232,C-23-1-602,Male,Home_and_lifestyle,86.69,5,21.6725,455.1225
324-41-6833,C-23-1-603,Female,Electronic_accessories,30.2,8,12.08,253.68
474-33-8305,C-23-1-604,Male,Fashion_accessories,67.39,7,23.5865,495.3165
189-55-2313,C-23-1-605,Female,Fashion_accessories,62.18,10,31.09,652.89
815-04-6282,C-23-1-606,Female,Sports_and_travel,64.97,5,16.2425,341.0925
477-59-2456,C-23-1-607,Female,Fashion_accessories,45.44,7,15.904,333.984
784-21-9238,C-23-1-608,Male,Sports_and_travel,10.17,1,0.5085,10.6785
538-22-0304,C-23-1-609,Male,Electronic_accessories,64.95,10,32.475,681.975
660-29-7083,C-23-1-610,Male,Electronic_accessories,55.87,10,27.935,586.635
271-77-8740,C-23-1-611,Female,Sports_and_travel,29.22,6,8.766,184.086
549-23-9016,C-23-1-612,Female,Food_and_beverages,14.87,2,1.487,31.227
862-29-5914,C-23-1-613,Female,Sports_and_travel,22.38,1,1.119,23.499
845-94-6841,C-23-1-614,Female,Food_and_beverages,72.88,9,32.796,688.716
658-66-3967,C-23-1-615,Male,Health_and_beauty,53.19,7,18.6165,390.9465
848-95-6252,C-23-1-616,Female,Home_and_lifestyle,86.27,1,4.3135,90.5835
176-78-1170,C-23-1-617,Male,Health_and_beauty,33.81,3,5.0715,106.5015
101-81-4070,C-23-1-618,Female,Health_and_beauty,62.82,2,6.282,131.922
631-34-1880,C-23-1-619,Male,Food_and_beverages,24.31,3,3.6465,76.5765
584-66-4073,C-23-1-620,Male,Fashion_accessories,56.5,1,2.825,59.325
154-87-7367,C-23-1-621,Male,Home_and_lifestyle,65.26,8,26.104,548.184
885-56-0389,C-23-1-622,Male,Fashion_accessories,52.35,1,2.6175,54.9675
115-38-7388,C-23-1-623,Female,Fashion_accessories,10.18,8,4.072,85.512
137-74-8729,C-23-1-624,Female,Fashion_accessories,12.19,8,4.876,102.396
389-70-2397,C-23-1-625,Female,Health_and_beauty,83.66,5,20.915,439.215
607-76-6216,C-23-1-626,Female,Fashion_accessories,92.49,5,23.1225,485.5725
781-84-8059,C-23-1-627,Male,Fashion_accessories,60.74,7,21.259,446.439
409-49-6995,C-23-1-628,Female,Food_and_beverages,47.27,6,14.181,297.801
725-54-0677,C-23-1-629,Male,Health_and_beauty,85.6,7,29.96,629.16
377-79-7592,C-23-1-630,Female,Electronic_accessories,44.84,9,20.178,423.738
545-07-8534,C-23-1-631,Female,Health_and_beauty,58.32,2,5.832,122.472
118-62-1812,C-23-1-632,Female,Home_and_lifestyle,78.38,4,15.676,329.196
450-42-3339,C-23-1-633,Male,Health_and_beauty,84.61,10,42.305,888.405
151-27-8496,C-23-1-634,Female,Electronic_accessories,56.13,4,11.226,235.746
717-96-4189,C-23-1-635,Female,Electronic_accessories,35.49,6,10.647,223.587
722-13-2115,C-23-1-636,Male,Sports_and_travel,42.85,1,2.1425,44.9925
246-55-6923,C-23-1-637,Female,Home_and_lifestyle,35.79,9,16.1055,338.2155
838-02-1821,C-23-1-638,Female,Home_and_lifestyle,12.73,2,1.273,26.733
887-42-0517,C-23-1-639,Female,Sports_and_travel,83.14,7,29.099,611.079
457-12-0244,C-23-1-640,Female,Sports_and_travel,35.22,6,10.566,221.886
756-93-1854,C-23-1-641,Female,Fashion_accessories,83.35,2,8.335,175.035
458-10-8612,C-23-1-642,Male,Health_and_beauty,64.08,7,22.428,470.988
235-06-8510,C-23-1-643,Male,Home_and_lifestyle,85.72,3,12.858,270.018
433-08-7822,C-23-1-644,Female,Health_and_beauty,78.89,7,27.6115,579.8415
500-02-2261,C-23-1-645,Female,Food_and_beverages,57.29,6,17.187,360.927
702-83-5291,C-23-1-646,Male,Fashion_accessories,99.82,9,44.919,943.299
859-97-6048,C-23-1-647,Male,Electronic_accessories,84.25,2,8.425,176.925
373-88-1424,C-23-1-648,Male,Home_and_lifestyle,35.81,5,8.9525,188.0025
784-08-0310,C-23-1-649,Female,Food_and_beverages,21.04,4,4.208,88.368
577-34-7579,C-23-1-650,Male,Food_and_beverages,50.49,9,22.7205,477.1305
867-47-1948,C-23-1-651,Female,Home_and_lifestyle,15.8,10,7.9,165.9
256-58-3609,C-23-1-652,Male,Fashion_accessories,91.98,1,4.599,96.579
364-34-2972,C-23-1-653,Male,Electronic_accessories,96.82,3,14.523,304.983
744-82-9138,C-23-1-654,Male,Fashion_accessories,86.13,2,8.613,180.873
728-47-9078,C-23-1-655,Male,Food_and_beverages,59.59,4,11.918,250.278
148-41-7930,C-23-1-656,Male,Health_and_beauty,99.96,7,34.986,734.706
189-40-5216,C-23-1-657,Male,Electronic_accessories,96.37,7,33.7295,708.3195
267-62-7380,C-23-1-658,Male,Electronic_accessories,82.34,10,41.17,864.57
652-49-6720,C-23-1-659,Female,Electronic_accessories,60.95,1,3.0475,63.9975
233-67-5758,C-23-1-660,Male,Health_and_beauty,40.35,1,2.0175,42.3675
750-67-8428,C-23-1-661,Female,Health_and_beauty,74.69,7,26.1415,548.9715
631-41-3108,C-23-1-662,Male,Home_and_lifestyle,46.33,7,16.2155,340.5255
123-19-1176,C-23-1-663,Male,Health_and_beauty,58.22,8,23.288,489.048
373-73-7910,C-23-1-664,Male,Sports_and_travel,86.31,7,30.2085,634.3785
355-53-5943,C-23-1-665,Female,Electronic_accessories,68.84,6,20.652,433.692
665-32-9167,C-23-1-666,Female,Health_and_beauty,36.26,2,3.626,76.146
365-64-0515,C-23-1-667,Female,Electronic_accessories,46.95,5,11.7375,246.4875
252-56-2699,C-23-1-668,Male,Food_and_beverages,43.19,10,21.595,453.495
829-34-3910,C-23-1-669,Female,Health_and_beauty,71.38,10,35.69,749.49
656-95-9349,C-23-1-670,Female,Health_and_beauty,68.93,7,24.1255,506.6355
765-26-6951,C-23-1-671,Male,Sports_and_travel,72.61,6,21.783,457.443
329-62-1586,C-23-1-672,Male,Food_and_beverages,54.67,3,8.2005,172.2105
636-48-8204,C-23-1-673,Male,Electronic_accessories,34.56,5,8.64,181.44
549-59-1358,C-23-1-674,Male,Sports_and_travel,88.63,3,13.2945,279.1845
227-03-5010,C-23-1-675,Female,Home_and_lifestyle,52.59,8,21.036,441.756
189-17-4241,C-23-1-676,Female,Fashion_accessories,87.67,2,8.767,184.107
848-62-7243,C-23-1-677,Male,Health_and_beauty,24.89,9,11.2005,235.2105
595-11-5460,C-23-1-678,Male,Health_and_beauty,96.58,2,9.658,202.818
129-29-8530,C-23-1-679,Male,Sports_and_travel,62.62,5,15.655,328.755
272-65-1806,C-23-1-680,Female,Electronic_accessories,60.88,9,27.396,575.316
162-48-8011,C-23-1-681,Female,Food_and_beverages,44.59,5,11.1475,234.0975
106-35-6779,C-23-1-682,Male,Home_and_lifestyle,44.34,2,4.434,93.114
635-40-6220,C-23-1-683,Male,Health_and_beauty,89.6,8,35.84,752.64
817-48-8732,C-23-1-684,Female,Home_and_lifestyle,72.35,10,36.175,759.675
199-75-8169,C-23-1-685,Male,Sports_and_travel,15.81,10,7.905,166.005
877-22-3308,C-23-1-686,Male,Health_and_beauty,15.87,10,7.935,166.635
232-11-3025,C-23-1-687,Male,Sports_and_travel,78.77,10,39.385,827.085
382-03-4532,C-23-1-688,Female,Health_and_beauty,18.33,1,0.9165,19.2465
287-21-9091,C-23-1-689,Male,Home_and_lifestyle,74.67,9,33.6015,705.6315
381-20-0914,C-23-1-690,Female,Fashion_accessories,20.01,9,9.0045,189.0945
633-44-8566,C-23-1-691,Male,Food_and_beverages,49.38,7,17.283,362.943
504-35-8843,C-23-1-692,Male,Sports_and_travel,42.47,1,2.1235,44.5935
873-51-0671,C-23-1-693,Female,Sports_and_travel,21.98,7,7.693,161.553
594-34-4444,C-23-1-694,Male,Electronic_accessories,97.16,1,4.858,102.018
865-92-6136,C-23-1-695,Male,Food_and_beverages,52.75,3,7.9125,166.1625
212-62-1842,C-23-1-696,Male,Food_and_beverages,58.26,6,17.478,367.038
704-48-3927,C-23-1-697,Male,Electronic_accessories,88.67,10,44.335,931.035
630-74-5166,C-23-1-698,Male,Sports_and_travel,62.13,6,18.639,391.419
645-44-1170,C-23-1-699,Male,Home_and_lifestyle,58.07,9,26.1315,548.7615
642-32-2990,C-23-1-700,Female,Food_and_beverages,10.96,10,5.48,115.08
638-60-7125,C-23-1-701,Female,Electronic_accessories,99.56,8,39.824,836.304
668-90-8900,C-23-1-702,Female,Home_and_lifestyle,93.69,7,32.7915,688.6215
870-54-3162,C-23-1-703,Female,Sports_and_travel,32.25,5,8.0625,169.3125
802-70-5316,C-23-1-704,Female,Sports_and_travel,92.13,6,27.639,580.419
700-81-1757,C-23-1-705,Female,Electronic_accessories,26.31,5,6.5775,138.1275
354-39-5160,C-23-1-706,Female,Home_and_lifestyle,34.42,6,10.326,216.846
575-30-8091,C-23-1-707,Male,Sports_and_travel,72.5,8,29,609
239-10-7476,C-23-1-708,Female,Home_and_lifestyle,77.95,6,23.385,491.085
685-64-1609,C-23-1-709,Female,Fashion_accessories,30.14,10,15.07,316.47
238-49-0436,C-23-1-710,Male,Health_and_beauty,32.46,8,12.984,272.664
746-94-0204,C-23-1-711,Male,Fashion_accessories,83.24,9,37.458,786.618
782-95-9291,C-23-1-712,Male,Food_and_beverages,92.29,5,23.0725,484.5225
275-28-0149,C-23-1-713,Male,Sports_and_travel,63.69,1,3.1845,66.8745
101-17-6199,C-23-1-714,Male,Food_and_beverages,45.79,7,16.0265,336.5565
687-47-8271,C-23-1-715,Male,Fashion_accessories,98.98,10,49.49,1039.29
796-32-9050,C-23-1-716,Male,Food_and_beverages,51.28,6,15.384,323.064
105-31-1824,C-23-1-717,Male,Sports_and_travel,69.52,7,24.332,510.972
249-42-3782,C-23-1-718,Male,Health_and_beauty,70.01,5,17.5025,367.5525
827-26-2100,C-23-1-719,Male,Home_and_lifestyle,33.84,9,15.228,319.788
175-54-2529,C-23-1-720,Male,Food_and_beverages,22.17,8,8.868,186.228
407-63-8975,C-23-1-721,Male,Food_and_beverages,73.88,6,22.164,465.444
851-28-6367,C-23-1-722,Male,Sports_and_travel,15.5,10,7.75,162.75
586-25-0848,C-23-1-723,Female,Sports_and_travel,12.34,7,4.319,90.699
400-60-7251,C-23-1-724,Male,Home_and_lifestyle,74.07,1,3.7035,77.7735
831-07-6050,C-23-1-725,Male,Electronic_accessories,32.71,5,8.1775,171.7275
856-22-8149,C-23-1-726,Female,Home_and_lifestyle,25.29,1,1.2645,26.5545
749-24-1565,C-23-1-727,Female,Health_and_beauty,23.03,9,10.3635,217.6335
888-02-0338,C-23-1-728,Male,Electronic_accessories,26.23,9,11.8035,247.8735
802-43-8934,C-23-1-729,Male,Home_and_lifestyle,18.28,1,0.914,19.194
319-74-2561,C-23-1-730,Female,Electronic_accessories,94.64,3,14.196,298.116
213-72-6612,C-23-1-731,Male,Food_and_beverages,43.25,2,4.325,90.825
721-86-6247,C-23-1-732,Female,Home_and_lifestyle,63.42,8,25.368,532.728
157-13-5295,C-23-1-733,Male,Health_and_beauty,51.94,10,25.97,545.37
645-78-8093,C-23-1-734,Female,Sports_and_travel,93.14,2,9.314,195.594
478-06-7835,C-23-1-735,Male,Fashion_accessories,89.69,1,4.4845,94.1745
540-11-4336,C-23-1-736,Male,Food_and_beverages,24.94,9,11.223,235.683
448-81-5016,C-23-1-737,Male,Health_and_beauty,59.77,2,5.977,125.517
217-58-1179,C-23-1-738,Male,Home_and_lifestyle,62.65,4,12.53,263.13
530-90-9855,C-23-1-739,Male,Home_and_lifestyle,47.59,8,19.036,399.756
604-70-6476,C-23-1-740,Male,Fashion_accessories,17.94,5,4.485,94.185
799-71-1548,C-23-1-741,Male,Electronic_accessories,77.72,4,15.544,326.424
290-68-2984,C-23-1-742,Male,Home_and_lifestyle,23.75,4,4.75,99.75
704-11-6354,C-23-1-743,Male,Home_and_lifestyle,58.9,8,23.56,494.76
366-93-0948,C-23-1-744,Male,Electronic_accessories,66.35,1,3.3175,69.6675
729-09-9681,C-23-1-745,Male,Home_and_lifestyle,25.91,6,7.773,163.233
151-16-1484,C-23-1-746,Male,Electronic_accessories,32.25,4,6.45,135.45
850-41-9669,C-23-1-747,Female,Electronic_accessories,75.06,9,33.777,709.317
447-15-7839,C-23-1-748,Female,Sports_and_travel,22.24,10,11.12,233.52
253-12-6086,C-23-1-749,Female,Sports_and_travel,98.4,7,34.44,723.24
144-51-6085,C-23-1-750,Male,Home_and_lifestyle,70.74,4,14.148,297.108
731-14-2199,C-23-1-751,Female,Home_and_lifestyle,35.54,10,17.77,373.17
126-54-1082,C-23-1-752,Female,Home_and_lifestyle,21.54,9,9.693,203.553
633-91-1052,C-23-1-753,Female,Home_and_lifestyle,12.03,2,1.203,25.263
828-61-5674,C-23-1-754,Male,Sports_and_travel,44.02,10,22.01,462.21
136-08-6195,C-23-1-755,Female,Home_and_lifestyle,69.96,8,27.984,587.664
490-29-1201,C-23-1-756,Female,Sports_and_travel,15.34,1,0.767,16.107
667-92-0055,C-23-1-757,Male,Health_and_beauty,99.83,6,29.949,628.929
565-17-3836,C-23-1-758,Female,Health_and_beauty,47.67,4,9.534,200.214
430-60-3493,C-23-1-759,Female,Home_and_lifestyle,94.88,7,33.208,697.368
278-97-7759,C-23-1-760,Female,Electronic_accessories,62.48,1,3.124,65.604
316-68-6352,C-23-1-761,Female,Food_and_beverages,36.36,2,3.636,76.356
744-02-5987,C-23-1-762,Male,Home_and_lifestyle,78.38,6,23.514,493.794
307-83-9164,C-23-1-763,Male,Home_and_lifestyle,60.01,4,12.002,252.042
439-54-7422,C-23-1-764,Female,Electronic_accessories,51.19,4,10.238,214.998
411-77-0180,C-23-1-765,Male,Electronic_accessories,72.2,7,25.27,530.67
286-01-5402,C-23-1-766,Female,Sports_and_travel,40.23,7,14.0805,295.6905
803-17-8013,C-23-1-767,Female,Home_and_lifestyle,88.79,8,35.516,745.836
512-98-1403,C-23-1-768,Female,Electronic_accessories,26.48,3,3.972,83.412
848-42-2560,C-23-1-769,Female,Fashion_accessories,81.91,2,8.191,172.011
870-76-1733,C-23-1-770,Female,Food_and_beverages,14.23,5,3.5575,74.7075
423-64-4619,C-23-1-771,Female,Health_and_beauty,15.55,9,6.9975,146.9475
372-94-8041,C-23-1-772,Male,Health_and_beauty,15.26,6,4.578,96.138
563-91-7120,C-23-1-773,Female,Fashion_accessories,61.77,5,15.4425,324.2925
746-54-5508,C-23-1-774,Male,Home_and_lifestyle,21.52,6,6.456,135.576
815-11-1168,C-23-1-775,Male,Food_and_beverages,99.78,5,24.945,523.845
340-66-0321,C-23-1-776,Male,Electronic_accessories,36.36,4,7.272,152.712
634-97-8956,C-23-1-777,Male,Food_and_beverages,32.9,3,4.935,103.635
566-71-1091,C-23-1-778,Male,Fashion_accessories,77.02,5,19.255,404.355
442-48-3607,C-23-1-779,Male,Food_and_beverages,23.48,2,2.348,49.308
527-09-6272,C-23-1-780,Female,Electronic_accessories,28.45,5,7.1125,149.3625
898-04-2717,C-23-1-781,Male,Fashion_accessories,76.4,9,34.38,721.98
150-89-8043,C-23-1-782,Male,Sports_and_travel,44.65,3,6.6975,140.6475
135-84-8019,C-23-1-783,Female,Fashion_accessories,77.93,9,35.0685,736.4385
441-94-7118,C-23-1-784,Male,Electronic_accessories,71.95,1,3.5975,75.5475
531-80-1784,C-23-1-785,Male,Electronic_accessories,26.02,7,9.107,191.247
834-61-8124,C-23-1-786,Male,Electronic_accessories,51.69,7,18.0915,379.9215
612-36-5536,C-23-1-787,Male,Food_and_beverages,80.96,8,32.384,680.064
462-67-9126,C-23-1-788,Male,Home_and_lifestyle,73.22,6,21.966,461.286
468-88-0009,C-23-1-789,Male,Home_and_lifestyle,65.94,4,13.188,276.948
254-31-0042,C-23-1-790,Male,Electronic_accessories,21.5,9,9.675,203.175
422-29-8786,C-23-1-791,Female,Home_and_lifestyle,67.09,5,16.7725,352.2225
667-23-5919,C-23-1-792,Female,Fashion_accessories,96.7,5,24.175,507.675
289-15-7034,C-23-1-793,Male,Sports_and_travel,82.33,4,16.466,345.786
662-72-2873,C-23-1-794,Female,Food_and_beverages,40.94,5,10.235,214.935
725-56-0833,C-23-1-795,Female,Health_and_beauty,32.32,10,16.16,339.36
563-36-9814,C-23-1-796,Male,Electronic_accessories,76.82,1,3.841,80.661
308-47-4913,C-23-1-797,Female,Sports_and_travel,52.26,10,26.13,548.73
885-17-6250,C-23-1-798,Female,Health_and_beauty,79.74,1,3.987,83.727
726-27-2396,C-23-1-799,Female,Health_and_beauty,77.5,5,19.375,406.875
316-01-3952,C-23-1-800,Female,Food_and_beverages,54.27,5,13.5675,284.9175
882-40-4577,C-23-1-801,Male,Sports_and_travel,67.26,4,13.452,282.492
732-67-5346,C-23-1-802,Male,Food_and_beverages,13.79,5,3.4475,72.3975
256-08-8343,C-23-1-803,Female,Home_and_lifestyle,56.53,4,11.306,237.426
132-23-6451,C-23-1-804,Male,Health_and_beauty,20.97,5,5.2425,110.0925
696-90-2548,C-23-1-805,Male,Sports_and_travel,25.84,3,3.876,81.396
472-15-9636,C-23-1-806,Male,Home_and_lifestyle,50.93,8,20.372,427.812
745-71-3520,C-23-1-807,Female,Electronic_accessories,25.22,7,8.827,185.367
269-10-8440,C-23-1-808,Male,Health_and_beauty,53.17,7,18.6095,390.7995
325-77-6186,C-23-1-809,Female,Home_and_lifestyle,90.65,10,45.325,951.825
459-50-7686,C-23-1-810,Female,Electronic_accessories,23.46,6,7.038,147.798
345-08-4992,C-23-1-811,Male,Home_and_lifestyle,33.99,6,10.197,214.137
138-17-5109,C-23-1-812,Female,Home_and_lifestyle,89.21,9,40.1445,843.0345
301-11-9629,C-23-1-813,Female,Sports_and_travel,19.1,7,6.685,140.385
727-17-0390,C-23-1-814,Female,Food_and_beverages,63.61,5,15.9025,333.9525
568-88-3448,C-23-1-815,Male,Health_and_beauty,25,1,1.25,26.25
187-83-5490,C-23-1-816,Male,Electronic_accessories,20.77,4,4.154,87.234
470-32-9057,C-23-1-817,Male,Food_and_beverages,51.34,5,12.835,269.535
340-21-9136,C-23-1-818,Female,Sports_and_travel,40.05,4,8.01,168.21
405-31-3305,C-23-1-819,Male,Fashion_accessories,43.13,10,21.565,452.865
676-39-6028,C-23-1-820,Female,Electronic_accessories,64.44,5,16.11,338.31
502-05-1910,C-23-1-821,Male,Health_and_beauty,65.18,3,9.777,205.317
485-30-8700,C-23-1-822,Female,Sports_and_travel,33.26,5,8.315,174.615
575-67-1508,C-23-1-823,Male,Electronic_accessories,38.6,1,1.93,40.53
674-15-9296,C-23-1-824,Male,Sports_and_travel,37.14,5,9.285,194.985
795-49-7276,C-23-1-825,Male,Fashion_accessories,37.15,4,7.43,156.03
510-09-5628,C-23-1-826,Female,Fashion_accessories,19.66,10,9.83,206.43
420-18-8989,C-23-1-827,Female,Sports_and_travel,51.52,8,20.608,432.768
726-29-6793,C-23-1-828,Male,Electronic_accessories,24.18,8,9.672,203.112
209-61-0206,C-23-1-829,Female,Home_and_lifestyle,42.91,5,10.7275,225.2775
595-27-4851,C-23-1-830,Female,Fashion_accessories,54.28,7,18.998,398.958
189-52-0236,C-23-1-831,Male,Electronic_accessories,99.55,7,34.8425,731.6925
220-28-1851,C-23-1-832,Male,Home_and_lifestyle,34.73,2,3.473,72.933
609-81-8548,C-23-1-833,Female,Home_and_lifestyle,37.44,6,11.232,235.872
534-01-4457,C-23-1-834,Male,Food_and_beverages,81.71,6,24.513,514.773
719-89-8991,C-23-1-835,Female,Sports_and_travel,91.41,5,22.8525,479.9025
827-77-7633,C-23-1-836,Male,Sports_and_travel,98.09,9,44.1405,926.9505
287-83-1405,C-23-1-837,Male,Health_and_beauty,25.43,6,7.629,160.209
435-13-4908,C-23-1-838,Male,Fashion_accessories,86.68,8,34.672,728.112
892-05-6689,C-23-1-839,Female,Home_and_lifestyle,28.32,5,7.08,148.68
643-38-7867,C-23-1-840,Male,Home_and_lifestyle,97.94,1,4.897,102.837
308-81-0538,C-23-1-841,Female,Fashion_accessories,73.05,4,14.61,306.81
460-35-4390,C-23-1-842,Male,Home_and_lifestyle,30.68,3,4.602,96.642
647-50-1224,C-23-1-843,Female,Fashion_accessories,29.42,10,14.71,308.91
541-48-8554,C-23-1-844,Male,Sports_and_travel,60.95,9,27.4275,575.9775
213-32-1216,C-23-1-845,Female,Electronic_accessories,66.06,6,19.818,416.178
134-75-2619,C-23-1-846,Male,Electronic_accessories,19.32,7,6.762,142.002
712-39-0363,C-23-1-847,Male,Food_and_beverages,41.66,6,12.498,262.458
218-59-9410,C-23-1-848,Female,Home_and_lifestyle,72.42,3,10.863,228.123
760-90-2357,C-23-1-849,Male,Electronic_accessories,74.51,6,22.353,469.413
698-98-5964,C-23-1-850,Female,Food_and_beverages,81.21,10,40.605,852.705
651-88-7328,C-23-1-851,Female,Fashion_accessories,65.74,9,29.583,621.243
239-48-4278,C-23-1-852,Male,Food_and_beverages,10.13,7,3.5455,74.4555
550-84-8664,C-23-1-853,Male,Sports_and_travel,85.91,5,21.4775,451.0275
797-88-0493,C-23-1-854,Female,Health_and_beauty,64.27,4,12.854,269.934
443-82-0585,C-23-1-855,Female,Health_and_beauty,77.68,4,15.536,326.256
127-47-6963,C-23-1-856,Male,Health_and_beauty,51.71,4,10.342,217.182
278-86-2735,C-23-1-857,Female,Food_and_beverages,52.34,3,7.851,164.871
695-28-6250,C-23-1-858,Female,Sports_and_travel,43.06,5,10.765,226.065
227-50-3718,C-23-1-859,Male,Health_and_beauty,14.62,5,3.655,76.755
560-49-6611,C-23-1-860,Female,Sports_and_travel,45.58,1,2.279,47.859
880-35-0356,C-23-1-861,Female,Sports_and_travel,75.2,3,11.28,236.88
152-68-2907,C-23-1-862,Male,Food_and_beverages,52.2,3,7.83,164.43
334-64-2006,C-23-1-863,Female,Home_and_lifestyle,70.32,2,7.032,147.672
559-98-9873,C-23-1-864,Female,Fashion_accessories,53.65,7,18.7775,394.3275
318-12-0304,C-23-1-865,Male,Fashion_accessories,30.61,1,1.5305,32.1405
421-95-9805,C-23-1-866,Female,Electronic_accessories,28.96,1,1.448,30.408
443-59-0061,C-23-1-867,Male,Food_and_beverages,67.45,10,33.725,708.225
509-29-3912,C-23-1-868,Female,Sports_and_travel,38.72,9,17.424,365.904
828-46-6863,C-23-1-869,Male,Food_and_beverages,98.53,6,29.559,620.739
420-97-3340,C-23-1-870,Female,Food_and_beverages,71.68,3,10.752,225.792
436-54-4512,C-23-1-871,Female,Food_and_beverages,91.61,1,4.5805,96.1905
816-57-2053,C-23-1-872,Male,Sports_and_travel,60.87,2,6.087,127.827
856-66-2701,C-23-1-873,Male,Home_and_lifestyle,53.3,3,7.995,167.895
308-39-1707,C-23-1-874,Female,Fashion_accessories,12.09,1,0.6045,12.6945
149-61-1929,C-23-1-875,Male,Sports_and_travel,64.19,10,32.095,673.995
655-07-2265,C-23-1-876,Male,Electronic_accessories,78.31,3,11.7465,246.6765
589-02-8023,C-23-1-877,Male,Food_and_beverages,83.77,2,8.377,175.917
610-46-4100,C-23-1-878,Male,Health_and_beauty,28.95,7,10.1325,212.7825
706-36-6154,C-23-1-879,Male,Home_and_lifestyle,19.36,9,8.712,182.952
742-04-5161,C-23-1-880,Male,Home_and_lifestyle,72.78,10,36.39,764.19
169-52-4504,C-23-1-881,Female,Electronic_accessories,15.69,3,2.3535,49.4235
562-12-5430,C-23-1-882,Female,Fashion_accessories,88.15,3,13.2225,277.6725
816-72-8853,C-23-1-883,Female,Sports_and_travel,27.93,5,6.9825,146.6325
491-38-3499,C-23-1-884,Male,Fashion_accessories,55.45,1,2.7725,58.2225
518-17-2983,C-23-1-885,Female,Fashion_accessories,48.63,4,9.726,204.246
588-47-8641,C-23-1-886,Male,Fashion_accessories,56.04,10,28.02,588.42
811-03-8790,C-23-1-887,Female,Electronic_accessories,45.48,10,22.74,477.54
274-05-5470,C-23-1-888,Female,Food_and_beverages,73.47,4,14.694,308.574
130-67-4723,C-23-1-889,Male,Food_and_beverages,48.5,6,14.55,305.55
105-10-6182,C-23-1-890,Male,Fashion_accessories,21.48,2,2.148,45.108
648-83-1321,C-23-1-891,Male,Home_and_lifestyle,63.56,10,31.78,667.38
305-03-2383,C-23-1-892,Female,Food_and_beverages,67.1,3,10.065,211.365
689-05-1884,C-23-1-893,Male,Health_and_beauty,48.63,10,24.315,510.615
800-09-8606,C-23-1-894,Female,Home_and_lifestyle,87.37,5,21.8425,458.6925
182-52-7000,C-23-1-895,Female,Sports_and_travel,27.04,4,5.408,113.568
868-06-0466,C-23-1-896,Male,Electronic_accessories,69.58,9,31.311,657.531
445-30-9252,C-23-1-897,Male,Sports_and_travel,25.7,3,3.855,80.955
786-94-2700,C-23-1-898,Male,Food_and_beverages,80.62,6,24.186,507.906
258-92-7466,C-23-1-899,Female,Health_and_beauty,35.68,5,8.92,187.32
857-16-3520,C-23-1-900,Female,Fashion_accessories,71.46,7,25.011,525.231
482-17-1179,C-23-1-901,Male,Electronic_accessories,11.94,3,1.791,37.611
788-21-5741,C-23-1-902,Male,Fashion_accessories,45.38,3,6.807,142.947
247-11-2470,C-23-1-903,Female,Fashion_accessories,22.32,4,4.464,93.744
635-28-5728,C-23-1-904,Male,Health_and_beauty,56,3,8.4,176.4
756-49-0168,C-23-1-905,Male,Fashion_accessories,19.7,1,0.985,20.685
805-86-0265,C-23-1-906,Male,Home_and_lifestyle,93.96,9,42.282,887.922
373-14-0504,C-23-1-907,Female,Sports_and_travel,71.63,2,7.163,150.423
546-80-2899,C-23-1-908,Male,Home_and_lifestyle,37.69,2,3.769,79.149
585-86-8361,C-23-1-909,Female,Food_and_beverages,27.28,5,6.82,143.22
807-14-7833,C-23-1-910,Female,Electronic_accessories,17.42,10,8.71,182.91
652-43-6591,C-23-1-911,Female,Fashion_accessories,97.29,8,38.916,817.236
406-46-7107,C-23-1-912,Female,Home_and_lifestyle,96.52,6,28.956,608.076
250-17-5703,C-23-1-913,Male,Food_and_beverages,18.85,10,9.425,197.925
156-95-3964,C-23-1-914,Female,Food_and_beverages,55.39,4,11.078,232.638
410-67-1709,C-23-1-915,Female,Fashion_accessories,63.88,8,25.552,536.592
587-73-4862,C-23-1-916,Female,Health_and_beauty,10.69,5,2.6725,56.1225
787-87-2010,C-23-1-917,Male,Health_and_beauty,55.5,4,11.1,233.1
886-54-6089,C-23-1-918,Female,Home_and_lifestyle,11.43,6,3.429,72.009
534-53-3526,C-23-1-919,Female,Sports_and_travel,94.76,4,18.952,397.992
307-04-2070,C-23-1-920,Female,Fashion_accessories,30.62,1,1.531,32.151
404-91-5964,C-23-1-921,Male,Electronic_accessories,74.58,7,26.103,548.163
497-37-6538,C-23-1-922,Male,Sports_and_travel,58.91,7,20.6185,432.9885
651-96-5970,C-23-1-923,Male,Fashion_accessories,46.41,1,2.3205,48.7305
263-12-5321,C-23-1-924,Male,Electronic_accessories,92.6,7,32.41,680.61
702-72-0487,C-23-1-925,Female,Electronic_accessories,46.61,2,4.661,97.881
864-24-7918,C-23-1-926,Female,Sports_and_travel,24.49,10,12.245,257.145
759-29-9521,C-23-1-927,Female,Fashion_accessories,48.96,9,22.032,462.672
220-68-6701,C-23-1-928,Female,Home_and_lifestyle,77.47,4,15.494,325.374
618-34-8551,C-23-1-929,Female,Sports_and_travel,93.18,2,9.318,195.678
257-60-7754,C-23-1-930,Female,Electronic_accessories,50.23,4,10.046,210.966
380-60-5336,C-23-1-931,Female,Electronic_accessories,40.26,10,20.13,422.73
674-56-6360,C-23-1-932,Male,Electronic_accessories,95.15,1,4.7575,99.9075
778-34-2523,C-23-1-933,Female,Electronic_accessories,48.62,8,19.448,408.408
832-51-6761,C-23-1-934,Male,Food_and_beverages,33.88,8,13.552,284.592
186-43-8965,C-23-1-935,Female,Home_and_lifestyle,47.68,2,4.768,100.128
276-75-6884,C-23-1-936,Female,Health_and_beauty,68.71,3,10.3065,216.4365
569-76-2760,C-23-1-937,Female,Sports_and_travel,22.01,4,4.402,92.442
760-53-9233,C-23-1-938,Male,Fashion_accessories,41.28,3,6.192,130.032
416-17-9926,C-23-1-939,Female,Electronic_accessories,74.22,10,37.11,779.31
237-44-6163,C-23-1-940,Male,Electronic_accessories,10.56,8,4.224,88.704
528-14-9470,C-23-1-941,Male,Health_and_beauty,91.3,1,4.565,95.865
807-34-3742,C-23-1-942,Male,Fashion_accessories,52.38,1,2.619,54.999
288-62-1085,C-23-1-943,Male,Fashion_accessories,38.54,5,9.635,202.335
497-36-0989,C-23-1-944,Male,Fashion_accessories,51.94,3,7.791,163.611
860-73-6466,C-23-1-945,Female,Sports_and_travel,39.47,2,3.947,82.887
896-34-0956,C-23-1-946,Male,Fashion_accessories,21.32,1,1.066,22.386
804-38-3935,C-23-1-947,Male,Electronic_accessories,93.78,3,14.067,295.407
585-90-0249,C-23-1-948,Male,Electronic_accessories,73.26,1,3.663,76.923
125-45-2293,C-23-1-949,Female,Fashion_accessories,99.1,6,29.73,624.33
843-73-4724,C-23-1-950,Male,Fashion_accessories,74.1,1,3.705,77.805
409-33-9708,C-23-1-951,Female,Fashion_accessories,98.48,2,9.848,206.808
160-22-2687,C-23-1-952,Female,Health_and_beauty,95.95,5,23.9875,503.7375
748-45-2862,C-23-1-953,Female,Home_and_lifestyle,28.31,4,5.662,118.902
316-66-3011,C-23-1-954,Female,Food_and_beverages,47.63,9,21.4335,450.1035
840-76-5966,C-23-1-955,Male,Sports_and_travel,12.76,2,1.276,26.796
124-31-1458,C-23-1-956,Female,Electronic_accessories,79.59,3,11.9385,250.7085
852-82-2749,C-23-1-957,Male,Sports_and_travel,64.59,4,12.918,271.278
873-14-6353,C-23-1-958,Male,Food_and_beverages,24.82,7,8.687,182.427
166-19-2553,C-23-1-959,Male,Sports_and_travel,89.06,6,26.718,561.078
737-88-5876,C-23-1-960,Male,Home_and_lifestyle,23.29,4,4.658,97.818
448-61-3783,C-23-1-961,Female,Electronic_accessories,90.02,8,36.008,756.168
291-55-6563,C-23-1-962,Female,Home_and_lifestyle,34.42,6,10.326,216.846
548-48-3156,C-23-1-963,Female,Food_and_beverages,83.34,2,8.334,175.014
460-93-5834,C-23-1-964,Male,Sports_and_travel,45.58,7,15.953,335.013
325-89-4209,C-23-1-965,Male,Food_and_beverages,87.9,1,4.395,92.295
884-80-6021,C-23-1-966,Female,Electronic_accessories,73.47,10,36.735,771.435
880-46-5796,C-23-1-967,Male,Sports_and_travel,76.92,10,38.46,807.66
146-09-5432,C-23-1-968,Male,Food_and_beverages,35.04,9,15.768,331.128
595-94-9924,C-23-1-969,Female,Health_and_beauty,27.73,5,6.9325,145.5825
865-41-9075,C-23-1-970,Male,Food_and_beverages,11.53,7,4.0355,84.7455
186-71-5196,C-23-1-971,Female,Food_and_beverages,79.54,2,7.954,167.034
453-33-6436,C-23-1-972,Female,Home_and_lifestyle,93.12,8,37.248,782.208
522-57-8364,C-23-1-973,Male,Fashion_accessories,51.34,8,20.536,431.256
459-45-2396,C-23-1-974,Female,Food_and_beverages,99.6,3,14.94,313.74
749-81-8133,C-23-1-975,Female,Fashion_accessories,94.67,4,18.934,397.614
397-25-8725,C-23-1-976,Female,Health_and_beauty,39.62,9,17.829,374.409
243-55-8457,C-23-1-977,Female,Food_and_beverages,74.44,10,37.22,781.62
361-85-2571,C-23-1-978,Female,Sports_and_travel,89.48,5,22.37,469.77
131-70-8179,C-23-1-979,Female,Health_and_beauty,92.09,3,13.8135,290.0835
720-72-2436,C-23-1-980,Male,Food_and_beverages,66.52,4,13.304,279.384
809-69-9497,C-23-1-981,Female,Home_and_lifestyle,45.68,10,22.84,479.64
449-16-6770,C-23-1-982,Male,Health_and_beauty,50.79,5,12.6975,266.6475
333-23-2632,C-23-1-983,Male,Health_and_beauty,10.08,7,3.528,74.088
489-82-1237,C-23-1-984,Female,Electronic_accessories,93.88,7,32.858,690.018
846-10-0341,C-23-1-985,Female,Fashion_accessories,42.57,7,14.8995,312.8895
384-59-6655,C-23-1-986,Female,Food_and_beverages,98.66,9,44.397,932.337
324-92-3863,C-23-1-987,Male,Electronic_accessories,20.89,2,2.089,43.869
593-08-5916,C-23-1-988,Female,Fashion_accessories,15.5,1,0.775,16.275
558-60-5016,C-23-1-989,Female,Home_and_lifestyle,33.3,9,14.985,314.685
195-06-0432,C-23-1-990,Male,Home_and_lifestyle,81.01,3,12.1515,255.1815
605-03-2706,C-23-1-991,Female,Health_and_beauty,15.8,3,2.37,49.77
531-56-4728,C-23-1-992,Male,Home_and_lifestyle,80.08,3,12.012,252.252
221-25-5073,C-23-1-993,Female,Food_and_beverages,74.66,4,14.932,313.572
809-46-1866,C-23-1-994,Male,Health_and_beauty,58.15,4,11.63,244.23
139-32-4183,C-23-1-995,Female,Sports_and_travel,97.48,9,43.866,921.186
886-18-2897,C-23-1-996,Female,Food_and_beverages,56.56,5,14.14,296.94
745-74-0715,C-23-1-997,Male,Electronic_accessories,58.03,2,5.803,121.863
727-02-1313,C-23-1-998,Male,Food_and_beverages,31.84,1,1.592,33.432
347-56-2442,C-23-1-999,Male,Home_and_lifestyle,65.82,1,3.291,69.111
849-09-3807,C-23-1-1000,Female,Fashion_accessories,88.34,7,30.919,649.299
