Invoice ID,Customer ID,Gender,Product_Name,Category,Unit price,Quantity,Tax 5%,Total,Date,Payment_Method
801-33-1654,C-23-10-506,Female,Shampoo,Health_and_beauty,36.52,5,9.13,191.73,09/10/2023,Wave Pay
427-10-5003,C-23-10-400,Male,Hat,Fashion_accessories,96.77,10,48.385,1016.085,22/10/2023,CB Pay
209-99-6957,C-23-10-923,Male,Face Wash,Health_and_beauty,83.17,2,8.317,174.657,21/10/2023,Wave Pay
903-53-6392,C-23-10-279,Female,Backpack,Sports_and_travel,21.1,3,3.165,66.465,03/10/2023,CB Pay
976-37-1418,C-23-10-815,Male,Scarf,Fashion_accessories,82.21,3,12.332,258.962,17/10/2023,Cash
961-29-1436,C-23-10-232,Male,Yoga Mat,Sports_and_travel,54.23,3,8.135,170.825,28/10/2023,Cash
102-98-4986,C-23-10-594,Male,Bracelet,Fashion_accessories,54.79,10,27.395,575.295,09/10/2023,Cash
110-60-1731,C-23-10-348,Female,Yoga Mat,Sports_and_travel,79.92,8,31.968,671.328,26/10/2023,Card
287-99-4508,C-23-10-512,Female,Bracelet,Fashion_accessories,67.1,1,3.355,70.455,04/10/2023,KBZ Pay
635-96-4680,C-23-10-794,Female,Backpack,Sports_and_travel,62.32,6,18.696,392.616,13/10/2023,AYA Pay
115-63-6213,C-23-10-784,Male,Wall Clock,Home_and_lifestyle,23.77,5,5.942,124.792,04/10/2023,AYA Pay
595-26-7334,C-23-10-776,Female,Backpack,Sports_and_travel,22.67,7,7.934,166.624,01/10/2023,Wave Pay
162-43-4515,C-23-10-927,Male,Hat,Fashion_accessories,35.02,5,8.755,183.855,20/10/2023,CB Pay
116-80-1637,C-23-10-98,Female,Coffee,Food_and_beverages,66.19,10,33.095,694.995,14/10/2023,AYA Pay
932-48-7910,C-23-10-731,Male,Charger,Electronic_accessories,70.39,7,24.637,517.367,23/10/2023,KBZ Pay
846-57-6214,C-23-10-954,Male,Yoga Mat,Sports_and_travel,80.68,2,8.068,169.428,16/10/2023,Cash
135-27-6891,C-23-10-791,Male,Cookies,Food_and_beverages,41.25,3,6.188,129.938,08/10/2023,AYA Pay
593-41-9107,C-23-10-766,Male,Cushion,Home_and_lifestyle,42.48,1,2.124,44.604,26/10/2023,AYA Pay
318-65-7833,C-23-10-193,Male,Chips,Food_and_beverages,27.82,1,1.391,29.211,17/10/2023,Cash
600-68-9386,C-23-10-189,Male,Candles,Home_and_lifestyle,47.56,4,9.512,199.752,02/10/2023,KBZ Pay
287-28-6846,C-23-10-885,Male,Earphones,Electronic_accessories,21.81,6,6.543,137.403,04/10/2023,AYA Pay
678-53-1386,C-23-10-473,Male,Earphones,Electronic_accessories,21.02,1,1.051,22.071,21/10/2023,Wave Pay
726-43-3759,C-23-10-398,Female,USB Cable,Electronic_accessories,34.26,7,11.991,251.811,11/10/2023,CB Pay
971-44-8698,C-23-10-792,Male,Wall Clock,Home_and_lifestyle,65.8,5,16.45,345.45,09/10/2023,Card
369-67-5486,C-23-10-760,Female,Candles,Home_and_lifestyle,58.22,10,29.11,611.31,04/10/2023,KBZ Pay
333-60-8045,C-23-10-45,Male,Chips,Food_and_beverages,86.73,7,30.356,637.466,28/10/2023,Card
565-96-9323,C-23-10-278,Female,Gym Towel,Sports_and_travel,89.09,9,40.091,841.901,21/10/2023,Wave Pay
354-48-3316,C-23-10-217,Female,USB Cable,Electronic_accessories,97.87,7,34.255,719.345,10/10/2023,AYA Pay
703-54-2148,C-23-10-843,Male,Body Lotion,Health_and_beauty,94.79,1,4.74,99.53,02/10/2023,KBZ Pay
554-72-5222,C-23-10-571,Male,Water Bottle,Sports_and_travel,73.67,9,33.151,696.181,15/10/2023,Cash
318-69-3894,C-23-10-976,Male,Wall Clock,Home_and_lifestyle,34.04,10,17.02,357.42,30/10/2023,Cash
448-39-7634,C-23-10-660,Male,USB Cable,Electronic_accessories,17.4,7,6.09,127.89,12/10/2023,Card
797-45-9659,C-23-10-750,Female,Sunscreen,Health_and_beauty,65.54,2,6.554,137.634,13/10/2023,Card
117-28-2759,C-23-10-418,Male,Hat,Fashion_accessories,91.33,2,9.133,191.793,02/10/2023,AYA Pay
488-83-5127,C-23-10-515,Female,Earphones,Electronic_accessories,98.38,4,19.676,413.196,28/10/2023,Cash
657-46-3353,C-23-10-116,Male,Candles,Home_and_lifestyle,27.05,9,12.173,255.623,03/10/2023,KBZ Pay
957-79-1550,C-23-10-948,Male,Table Lamp,Home_and_lifestyle,90.43,1,4.522,94.952,03/10/2023,CB Pay
591-19-7288,C-23-10-974,Male,Cushion,Home_and_lifestyle,44.84,1,2.242,47.082,01/10/2023,Cash
392-54-9527,C-23-10-985,Female,Phone Case,Electronic_accessories,39.48,3,5.922,124.362,14/10/2023,Card
437-69-1673,C-23-10-125,Female,Picture Frame,Home_and_lifestyle,89.15,8,35.66,748.86,09/10/2023,Card
325-92-1414,C-23-10-477,Female,Yoga Mat,Sports_and_travel,50.58,8,20.232,424.872,08/10/2023,Cash
225-66-2421,C-23-10-497,Male,Tea,Food_and_beverages,75.0,8,30.0,630.0,24/10/2023,KBZ Pay
282-27-9570,C-23-10-578,Female,Gym Towel,Sports_and_travel,48.51,7,16.979,356.549,30/10/2023,Card
819-58-2344,C-23-10-138,Female,Body Lotion,Health_and_beauty,50.63,2,5.063,106.323,24/10/2023,Card
382-42-6782,C-23-10-921,Female,Earphones,Electronic_accessories,53.2,8,21.28,446.88,29/10/2023,KBZ Pay
782-55-7070,C-23-10-831,Male,Table Lamp,Home_and_lifestyle,12.25,4,2.45,51.45,16/10/2023,CB Pay
474-88-1268,C-23-10-420,Female,Cushion,Home_and_lifestyle,83.64,4,16.728,351.288,15/10/2023,CB Pay
416-29-1642,C-23-10-828,Female,Cushion,Home_and_lifestyle,30.12,6,9.036,189.756,13/10/2023,CB Pay
695-45-7350,C-23-10-368,Male,Chips,Food_and_beverages,66.65,6,19.995,419.895,29/10/2023,KBZ Pay
923-57-4948,C-23-10-656,Male,Cookies,Food_and_beverages,45.62,10,22.81,479.01,04/10/2023,Cash
551-74-1781,C-23-10-181,Female,Body Lotion,Health_and_beauty,43.03,3,6.455,135.545,03/10/2023,Cash
937-33-3318,C-23-10-174,Female,Shampoo,Health_and_beauty,67.0,8,26.8,562.8,13/10/2023,AYA Pay
311-43-4346,C-23-10-374,Male,USB Cable,Electronic_accessories,36.8,10,18.4,386.4,16/10/2023,Card
580-74-6028,C-23-10-301,Female,Coffee,Food_and_beverages,28.83,10,14.415,302.715,12/10/2023,Cash
102-15-8731,C-23-10-689,Male,Scarf,Fashion_accessories,26.02,1,1.301,27.321,11/10/2023,Wave Pay
874-20-6485,C-23-10-567,Female,Running Shoes,Sports_and_travel,95.78,7,33.523,703.983,07/10/2023,KBZ Pay
317-28-7742,C-23-10-36,Male,Scarf,Fashion_accessories,21.99,10,10.995,230.895,22/10/2023,KBZ Pay
482-23-9526,C-23-10-262,Male,Body Lotion,Health_and_beauty,34.44,7,12.054,253.134,22/10/2023,KBZ Pay
930-59-5363,C-23-10-960,Female,Picture Frame,Home_and_lifestyle,46.97,2,4.697,98.637,18/10/2023,AYA Pay
564-53-1417,C-23-10-444,Female,Lip Balm,Health_and_beauty,31.31,2,3.131,65.751,17/10/2023,CB Pay
511-84-9543,C-23-10-806,Female,Backpack,Sports_and_travel,94.25,4,18.85,395.85,09/10/2023,Wave Pay
469-40-3654,C-23-10-759,Female,Coffee,Food_and_beverages,41.27,8,16.508,346.668,23/10/2023,Wave Pay
404-21-8190,C-23-10-879,Female,Power Bank,Electronic_accessories,20.53,10,10.265,215.565,01/10/2023,CB Pay
959-36-4430,C-23-10-881,Female,Hat,Fashion_accessories,64.49,7,22.572,474.002,26/10/2023,Wave Pay
347-37-7905,C-23-10-226,Female,Candles,Home_and_lifestyle,52.36,1,2.618,54.978,17/10/2023,Card
432-62-5777,C-23-10-24,Male,Body Lotion,Health_and_beauty,37.32,3,5.598,117.558,15/10/2023,Cash
522-81-1296,C-23-10-414,Male,Candles,Home_and_lifestyle,99.55,8,39.82,836.22,11/10/2023,Card
110-20-4876,C-23-10-812,Female,Chips,Food_and_beverages,98.99,9,44.546,935.456,07/10/2023,Card
279-89-2955,C-23-10-928,Male,Scarf,Fashion_accessories,19.08,8,7.632,160.272,02/10/2023,KBZ Pay
550-68-2142,C-23-10-216,Male,Earphones,Electronic_accessories,38.56,5,9.64,202.44,09/10/2023,AYA Pay
783-11-1594,C-23-10-210,Male,Water Bottle,Sports_and_travel,32.04,7,11.214,235.494,23/10/2023,Card
284-81-1244,C-23-10-600,Female,Cookies,Food_and_beverages,41.67,3,6.251,131.261,07/10/2023,AYA Pay
603-77-6673,C-23-10-481,Female,Sunscreen,Health_and_beauty,77.94,3,11.691,245.511,18/10/2023,Cash
489-10-7066,C-23-10-680,Female,Cookies,Food_and_beverages,52.08,8,20.832,437.472,12/10/2023,Wave Pay
209-89-7951,C-23-10-934,Female,Shampoo,Health_and_beauty,99.4,7,34.79,730.59,05/10/2023,AYA Pay
810-47-3298,C-23-10-964,Female,Table Lamp,Home_and_lifestyle,83.51,7,29.229,613.799,18/10/2023,Card
845-45-8576,C-23-10-154,Male,Scarf,Fashion_accessories,67.53,5,16.883,354.533,05/10/2023,Wave Pay
509-64-5566,C-23-10-204,Female,Water Bottle,Sports_and_travel,41.04,2,4.104,86.184,14/10/2023,Card
241-43-7244,C-23-10-389,Female,Wall Clock,Home_and_lifestyle,44.47,3,6.671,140.081,23/10/2023,CB Pay
691-99-7570,C-23-10-709,Female,Cookies,Food_and_beverages,32.36,7,11.326,237.846,21/10/2023,Cash
933-40-7220,C-23-10-685,Female,Phone Case,Electronic_accessories,47.36,4,9.472,198.912,24/10/2023,Card
574-56-8045,C-23-10-766,Male,Water Bottle,Sports_and_travel,55.41,10,27.705,581.805,31/10/2023,CB Pay
742-64-2880,C-23-10-184,Female,Picture Frame,Home_and_lifestyle,41.61,4,8.322,174.762,02/10/2023,KBZ Pay
945-19-4655,C-23-10-35,Male,Gym Towel,Sports_and_travel,41.51,6,12.453,261.513,13/10/2023,AYA Pay
346-15-3039,C-23-10-238,Male,Hat,Fashion_accessories,17.41,2,1.741,36.561,21/10/2023,Card
806-33-3875,C-23-10-420,Female,Running Shoes,Sports_and_travel,25.91,1,1.296,27.206,04/10/2023,AYA Pay
571-36-1617,C-23-10-83,Male,Coffee,Food_and_beverages,96.31,2,9.631,202.251,16/10/2023,Cash
333-11-7119,C-23-10-124,Female,Coffee,Food_and_beverages,28.68,10,14.34,301.14,31/10/2023,KBZ Pay
806-21-2666,C-23-10-863,Male,Table Lamp,Home_and_lifestyle,72.23,3,10.835,227.525,29/10/2023,Card
801-75-6646,C-23-10-439,Female,Gym Towel,Sports_and_travel,92.16,2,9.216,193.536,16/10/2023,Card
614-11-4154,C-23-10-238,Female,Earphones,Electronic_accessories,12.9,4,2.58,54.18,07/10/2023,Card
152-83-6396,C-23-10-817,Female,Chips,Food_and_beverages,58.35,8,23.34,490.14,26/10/2023,KBZ Pay
343-72-2429,C-23-10-159,Female,Body Lotion,Health_and_beauty,94.39,1,4.72,99.11,21/10/2023,Wave Pay
612-30-4716,C-23-10-494,Female,Hat,Fashion_accessories,33.16,3,4.974,104.454,20/10/2023,AYA Pay
916-32-3107,C-23-10-872,Male,Power Bank,Electronic_accessories,78.87,1,3.944,82.814,17/10/2023,Wave Pay
709-70-5844,C-23-10-523,Female,Power Bank,Electronic_accessories,92.98,6,27.894,585.774,07/10/2023,Cash
882-38-1209,C-23-10-945,Male,Picture Frame,Home_and_lifestyle,39.88,9,17.946,376.866,25/10/2023,KBZ Pay
823-32-7419,C-23-10-928,Male,Juice,Food_and_beverages,11.5,6,3.45,72.45,06/10/2023,Wave Pay
555-44-5031,C-23-10-100,Male,Charger,Electronic_accessories,98.26,4,19.652,412.692,31/10/2023,CB Pay
579-35-1537,C-23-10-907,Male,Lip Balm,Health_and_beauty,97.29,4,19.458,408.618,24/10/2023,CB Pay
