Invoice ID,Customer ID,Gender,Product_Name,Category,Unit price,Quantity,Tax 5%,Total,Date,Payment_Method
294-52-2249,C-23-3-986,Female,Table Lamp,Home_and_lifestyle,62.83,4,12.566,263.886,03/03/2023,Cash
674-66-5848,C-23-3-931,Female,Phone Case,Electronic_accessories,25.07,9,11.282,236.912,06/03/2023,KBZ Pay
813-90-8478,C-23-3-922,Male,Shampoo,Health_and_beauty,90.4,9,40.68,854.28,13/03/2023,KBZ Pay
377-32-8413,C-23-3-660,Female,Water Bottle,Sports_and_travel,74.7,5,18.675,392.175,20/03/2023,Card
135-99-7176,C-23-3-815,Male,Water Bottle,Sports_and_travel,47.0,10,23.5,493.5,26/03/2023,AYA Pay
625-21-3838,C-23-3-776,Male,Shampoo,Health_and_beauty,12.17,3,1.825,38.335,04/03/2023,Cash
514-58-7653,C-23-3-872,Female,Sunscreen,Health_and_beauty,77.34,5,19.335,406.035,07/03/2023,Wave Pay
967-54-1129,C-23-3-825,Female,Phone Case,Electronic_accessories,39.38,6,11.814,248.094,05/03/2023,Card
562-70-3906,C-23-3-371,Male,Candles,Home_and_lifestyle,97.18,7,34.013,714.273,01/03/2023,Card
838-96-9077,C-23-3-34,Female,Shampoo,Health_and_beauty,91.44,5,22.86,480.06,15/03/2023,Cash
509-31-6281,C-23-3-869,Female,Chips,Food_and_beverages,26.59,7,9.306,195.436,20/03/2023,CB Pay
219-15-8063,C-23-3-692,Female,Watch,Fashion_accessories,62.63,1,3.132,65.762,04/03/2023,KBZ Pay
108-97-9847,C-23-3-229,Female,Shampoo,Health_and_beauty,69.87,9,31.442,660.272,08/03/2023,AYA Pay
704-68-7503,C-23-3-531,Female,USB Cable,Electronic_accessories,17.68,4,3.536,74.256,11/03/2023,Cash
946-19-6617,C-23-3-882,Female,Hat,Fashion_accessories,19.91,3,2.987,62.717,23/03/2023,AYA Pay
479-13-1295,C-23-3-340,Female,Running Shoes,Sports_and_travel,42.37,6,12.711,266.931,19/03/2023,KBZ Pay
543-34-2589,C-23-3-183,Female,Yoga Mat,Sports_and_travel,96.07,10,48.035,1008.735,14/03/2023,Card
206-61-4483,C-23-3-233,Male,Sunscreen,Health_and_beauty,35.52,9,15.984,335.664,07/03/2023,Card
750-68-9315,C-23-3-387,Male,Table Lamp,Home_and_lifestyle,72.6,5,18.15,381.15,22/03/2023,Wave Pay
785-89-7633,C-23-3-815,Male,USB Cable,Electronic_accessories,73.65,2,7.365,154.665,14/03/2023,Wave Pay
757-51-7334,C-23-3-450,Male,Chips,Food_and_beverages,34.48,2,3.448,72.408,31/03/2023,CB Pay
943-78-7186,C-23-3-529,Male,Cookies,Food_and_beverages,22.06,3,3.309,69.489,29/03/2023,Card
804-51-4331,C-23-3-926,Male,Candles,Home_and_lifestyle,88.44,6,26.532,557.172,04/03/2023,AYA Pay
157-27-8115,C-23-3-789,Male,Earphones,Electronic_accessories,56.66,3,8.499,178.479,17/03/2023,KBZ Pay
987-98-8556,C-23-3-860,Female,Cushion,Home_and_lifestyle,24.43,10,12.215,256.515,16/03/2023,CB Pay
456-37-6870,C-23-3-508,Female,Tea,Food_and_beverages,86.2,2,8.62,181.02,07/03/2023,Wave Pay
476-16-5787,C-23-3-931,Female,USB Cable,Electronic_accessories,91.92,5,22.98,482.58,08/03/2023,Card
533-95-1878,C-23-3-657,Male,Phone Case,Electronic_accessories,53.22,7,18.627,391.167,14/03/2023,CB Pay
113-70-8628,C-23-3-965,Female,Phone Case,Electronic_accessories,82.31,3,12.347,259.277,01/03/2023,KBZ Pay
158-39-7106,C-23-3-25,Female,Running Shoes,Sports_and_travel,84.21,10,42.105,884.205,02/03/2023,Cash
118-70-9293,C-23-3-630,Female,Cookies,Food_and_beverages,10.01,4,2.002,42.042,22/03/2023,Wave Pay
758-20-5526,C-23-3-661,Male,Phone Case,Electronic_accessories,69.57,2,6.957,146.097,03/03/2023,Cash
696-78-6652,C-23-3-172,Female,Shampoo,Health_and_beauty,57.76,5,14.44,303.24,15/03/2023,KBZ Pay
961-32-1438,C-23-3-759,Male,Cushion,Home_and_lifestyle,20.74,5,5.185,108.885,11/03/2023,Cash
816-37-8417,C-23-3-13,Female,Cookies,Food_and_beverages,69.59,10,34.795,730.695,10/03/2023,CB Pay
230-84-2341,C-23-3-941,Male,Cushion,Home_and_lifestyle,16.43,6,4.929,103.509,30/03/2023,Card
701-78-6958,C-23-3-624,Female,Backpack,Sports_and_travel,22.94,5,5.735,120.435,27/03/2023,Card
637-63-8125,C-23-3-925,Male,Power Bank,Electronic_accessories,36.97,10,18.485,388.185,31/03/2023,AYA Pay
561-32-1326,C-23-3-820,Male,Gym Towel,Sports_and_travel,99.51,7,34.829,731.399,12/03/2023,Card
421-80-4696,C-23-3-537,Female,Hat,Fashion_accessories,90.93,8,36.372,763.812,23/03/2023,Cash
532-55-4599,C-23-3-772,Female,Backpack,Sports_and_travel,24.4,2,2.44,51.24,13/03/2023,CB Pay
838-39-3251,C-23-3-513,Female,Wall Clock,Home_and_lifestyle,76.47,3,11.471,240.881,30/03/2023,Wave Pay
215-36-6993,C-23-3-579,Female,Sunglasses,Fashion_accessories,37.68,10,18.84,395.64,22/03/2023,Wave Pay
690-54-3757,C-23-3-91,Male,Table Lamp,Home_and_lifestyle,82.91,9,37.309,783.499,23/03/2023,AYA Pay
384-34-5022,C-23-3-763,Female,Wall Clock,Home_and_lifestyle,44.46,6,13.338,280.098,13/03/2023,Wave Pay
653-15-5525,C-23-3-836,Female,Face Wash,Health_and_beauty,46.58,2,4.658,97.818,12/03/2023,Wave Pay
725-72-2271,C-23-3-124,Male,Phone Case,Electronic_accessories,49.1,10,24.55,515.55,22/03/2023,AYA Pay
883-47-2392,C-23-3-652,Female,Shampoo,Health_and_beauty,49.49,3,7.424,155.894,10/03/2023,Cash
302-79-2869,C-23-3-970,Male,Chips,Food_and_beverages,15.0,4,3.0,63.0,23/03/2023,Wave Pay
555-16-6600,C-23-3-997,Female,USB Cable,Electronic_accessories,63.73,5,15.932,334.582,24/03/2023,CB Pay
839-33-8342,C-23-3-612,Male,Backpack,Sports_and_travel,25.64,5,6.41,134.61,25/03/2023,Wave Pay
535-35-4200,C-23-3-865,Female,Juice,Food_and_beverages,34.21,3,5.131,107.761,03/03/2023,Wave Pay
734-77-3362,C-23-3-873,Female,Cookies,Food_and_beverages,65.66,1,3.283,68.943,15/03/2023,Cash
988-42-8207,C-23-3-234,Male,Cushion,Home_and_lifestyle,19.5,7,6.825,143.325,22/03/2023,CB Pay
733-15-6822,C-23-3-598,Male,Lip Balm,Health_and_beauty,92.0,4,18.4,386.4,15/03/2023,KBZ Pay
480-38-5802,C-23-3-591,Female,Water Bottle,Sports_and_travel,33.78,9,15.201,319.221,07/03/2023,CB Pay
439-79-5286,C-23-3-234,Female,Candles,Home_and_lifestyle,41.37,10,20.685,434.385,30/03/2023,Cash
629-10-7660,C-23-3-421,Female,Bracelet,Fashion_accessories,13.07,10,6.535,137.235,28/03/2023,Card
274-42-9536,C-23-3-652,Male,Table Lamp,Home_and_lifestyle,23.24,7,8.134,170.814,13/03/2023,Wave Pay
195-18-2665,C-23-3-609,Male,Hat,Fashion_accessories,33.3,3,4.995,104.895,28/03/2023,CB Pay
542-47-4123,C-23-3-870,Female,Yoga Mat,Sports_and_travel,94.99,6,28.497,598.437,27/03/2023,AYA Pay
405-90-6202,C-23-3-809,Female,Sunglasses,Fashion_accessories,24.78,1,1.239,26.019,03/03/2023,Card
736-12-1797,C-23-3-469,Male,Cookies,Food_and_beverages,19.84,10,9.92,208.32,06/03/2023,KBZ Pay
187-92-4496,C-23-3-843,Male,Cushion,Home_and_lifestyle,57.88,9,26.046,546.966,31/03/2023,Cash
599-15-7100,C-23-3-605,Female,Bracelet,Fashion_accessories,29.03,5,7.258,152.408,05/03/2023,Card
291-56-5492,C-23-3-152,Male,Juice,Food_and_beverages,43.56,3,6.534,137.214,24/03/2023,Cash
752-45-3388,C-23-3-450,Female,Chips,Food_and_beverages,90.78,7,31.773,667.233,30/03/2023,KBZ Pay
589-19-5770,C-23-3-487,Female,Cookies,Food_and_beverages,64.71,1,3.236,67.946,02/03/2023,Wave Pay
516-58-6008,C-23-3-622,Female,Scarf,Fashion_accessories,28.29,5,7.072,148.522,23/03/2023,Card
567-20-1887,C-23-3-834,Male,Cookies,Food_and_beverages,92.37,6,27.711,581.931,06/03/2023,CB Pay
970-93-4557,C-23-3-262,Female,Scarf,Fashion_accessories,64.06,8,25.624,538.104,28/03/2023,AYA Pay
626-66-1599,C-23-3-215,Male,Scarf,Fashion_accessories,65.78,8,26.312,552.552,16/03/2023,KBZ Pay
381-54-8408,C-23-3-464,Female,Tea,Food_and_beverages,13.33,6,3.999,83.979,31/03/2023,Card
253-60-8519,C-23-3-879,Male,Earphones,Electronic_accessories,36.66,2,3.666,76.986,20/03/2023,Card
357-91-5500,C-23-3-463,Female,Watch,Fashion_accessories,18.86,2,1.886,39.606,17/03/2023,CB Pay
297-17-7962,C-23-3-87,Male,Coffee,Food_and_beverages,22.86,9,10.287,216.027,03/03/2023,Card
913-24-5740,C-23-3-967,Female,Sunglasses,Fashion_accessories,52.09,4,10.418,218.778,22/03/2023,Card
959-71-8513,C-23-3-965,Female,Chips,Food_and_beverages,75.72,9,34.074,715.554,20/03/2023,AYA Pay
907-19-9128,C-23-3-464,Female,Cushion,Home_and_lifestyle,59.58,8,23.832,500.472,07/03/2023,AYA Pay
440-29-3542,C-23-3-721,Female,Yoga Mat,Sports_and_travel,24.48,7,8.568,179.928,06/03/2023,AYA Pay
805-49-9841,C-23-3-460,Female,Water Bottle,Sports_and_travel,21.4,4,4.28,89.88,30/03/2023,CB Pay
125-48-9789,C-23-3-457,Female,Charger,Electronic_accessories,14.87,8,5.948,124.908,20/03/2023,KBZ Pay
211-16-8355,C-23-3-610,Male,Coffee,Food_and_beverages,81.65,3,12.248,257.198,26/03/2023,KBZ Pay
279-25-6756,C-23-3-31,Female,Charger,Electronic_accessories,61.22,8,24.488,514.248,24/03/2023,KBZ Pay
375-49-5841,C-23-3-235,Female,Scarf,Fashion_accessories,78.27,8,31.308,657.468,10/03/2023,Card
487-90-5770,C-23-3-375,Female,Candles,Home_and_lifestyle,62.99,10,31.495,661.395,08/03/2023,AYA Pay
277-99-5348,C-23-3-73,Male,Face Wash,Health_and_beauty,39.43,4,7.886,165.606,31/03/2023,Wave Pay
115-14-1666,C-23-3-118,Female,Chips,Food_and_beverages,53.33,8,21.332,447.972,04/03/2023,AYA Pay
869-52-8339,C-23-3-801,Female,Lip Balm,Health_and_beauty,83.74,6,25.122,527.562,27/03/2023,KBZ Pay
646-91-9758,C-23-3-879,Female,Shampoo,Health_and_beauty,83.27,3,12.491,262.301,17/03/2023,Card
812-96-4317,C-23-3-200,Male,Cushion,Home_and_lifestyle,24.58,10,12.29,258.09,02/03/2023,Wave Pay
230-17-3490,C-23-3-497,Female,Earphones,Electronic_accessories,68.72,4,13.744,288.624,24/03/2023,CB Pay
963-36-8428,C-23-3-5,Male,Candles,Home_and_lifestyle,69.43,2,6.943,145.803,01/03/2023,KBZ Pay
560-14-4495,C-23-3-111,Female,Gym Towel,Sports_and_travel,88.59,1,4.429,93.019,26/03/2023,Wave Pay
849-85-8599,C-23-3-169,Male,Table Lamp,Home_and_lifestyle,76.28,5,19.07,400.47,22/03/2023,AYA Pay
379-63-3800,C-23-3-860,Male,Tea,Food_and_beverages,17.28,6,5.184,108.864,05/03/2023,Card
942-29-1083,C-23-3-98,Female,Bracelet,Fashion_accessories,31.46,7,11.011,231.231,17/03/2023,AYA Pay
320-99-8482,C-23-3-135,Female,Wall Clock,Home_and_lifestyle,96.9,3,14.535,305.235,11/03/2023,KBZ Pay
529-55-1764,C-23-3-816,Female,Lip Balm,Health_and_beauty,61.46,6,18.438,387.198,27/03/2023,Cash
825-98-4322,C-23-3-162,Male,Earphones,Electronic_accessories,22.04,8,8.816,185.136,04/03/2023,AYA Pay
