Invoice ID,Customer ID,Gender,Product_Name,Category,Unit price,Quantity,Tax 5%,Total,Date,Payment_Method
115-51-9626,C-23-9-13,Male,Face Wash,Health_and_beauty,82.94,7,29.029,609.609,04/09/2023,AYA Pay
363-77-9333,C-23-9-632,Male,Sunglasses,Fashion_accessories,59.86,4,11.972,251.412,27/09/2023,KBZ Pay
142-21-5438,C-23-9-810,Female,Picture Frame,Home_and_lifestyle,62.86,10,31.43,660.03,27/09/2023,KBZ Pay
804-33-6323,C-23-9-764,Male,Lip Balm,Health_and_beauty,68.8,9,30.96,650.16,04/09/2023,Wave Pay
639-24-4095,C-23-9-932,Male,Phone Case,Electronic_accessories,77.33,10,38.665,811.965,29/09/2023,Card
790-30-3142,C-23-9-310,Male,Phone Case,Electronic_accessories,41.31,9,18.59,390.38,20/09/2023,KBZ Pay
497-32-6859,C-23-9-368,Female,Backpack,Sports_and_travel,37.88,1,1.894,39.774,05/09/2023,CB Pay
167-10-3459,C-23-9-830,Male,Bracelet,Fashion_accessories,80.03,6,24.009,504.189,27/09/2023,KBZ Pay
820-79-3919,C-23-9-429,Male,Bracelet,Fashion_accessories,43.43,10,21.715,456.015,11/09/2023,Cash
809-65-5318,C-23-9-377,Male,Phone Case,Electronic_accessories,79.86,7,27.951,586.971,23/09/2023,Cash
269-91-5885,C-23-9-263,Male,Chips,Food_and_beverages,60.6,8,24.24,509.04,02/09/2023,Cash
800-93-6775,C-23-9-208,Male,Water Bottle,Sports_and_travel,12.78,5,3.195,67.095,01/09/2023,AYA Pay
764-34-9264,C-23-9-868,Female,Juice,Food_and_beverages,85.68,8,34.272,719.712,18/09/2023,AYA Pay
697-97-8509,C-23-9-196,Female,Body Lotion,Health_and_beauty,92.47,3,13.87,291.28,22/09/2023,Wave Pay
588-80-7150,C-23-9-927,Male,Table Lamp,Home_and_lifestyle,16.64,1,0.832,17.472,26/09/2023,CB Pay
516-18-7283,C-23-9-405,Male,Table Lamp,Home_and_lifestyle,36.48,1,1.824,38.304,12/09/2023,AYA Pay
151-46-1909,C-23-9-192,Male,Gym Towel,Sports_and_travel,83.61,5,20.903,438.953,08/09/2023,CB Pay
308-81-1346,C-23-9-420,Male,Lip Balm,Health_and_beauty,10.17,1,0.509,10.679,11/09/2023,KBZ Pay
773-91-4752,C-23-9-330,Male,Sunglasses,Fashion_accessories,16.91,1,0.846,17.756,23/09/2023,AYA Pay
952-21-9718,C-23-9-156,Female,Gym Towel,Sports_and_travel,40.77,6,12.231,256.851,25/09/2023,Card
980-92-5250,C-23-9-346,Male,Cookies,Food_and_beverages,75.92,2,7.592,159.432,14/09/2023,Card
434-27-7383,C-23-9-876,Male,Running Shoes,Sports_and_travel,30.79,7,10.777,226.307,23/09/2023,Cash
891-84-9948,C-23-9-765,Male,Candles,Home_and_lifestyle,52.37,2,5.237,109.977,11/09/2023,Wave Pay
984-37-1913,C-23-9-292,Male,Coffee,Food_and_beverages,90.35,7,31.622,664.072,28/09/2023,Wave Pay
785-98-6570,C-23-9-173,Male,Watch,Fashion_accessories,76.84,3,11.526,242.046,22/09/2023,CB Pay
886-76-8176,C-23-9-68,Male,Watch,Fashion_accessories,71.99,5,17.997,377.947,21/09/2023,CB Pay
167-62-6109,C-23-9-777,Male,Sunscreen,Health_and_beauty,15.37,1,0.768,16.138,15/09/2023,KBZ Pay
355-86-5184,C-23-9-475,Male,Candles,Home_and_lifestyle,48.38,10,24.19,507.99,21/09/2023,AYA Pay
413-29-8606,C-23-9-623,Female,Backpack,Sports_and_travel,93.94,6,28.182,591.822,16/09/2023,CB Pay
722-65-4950,C-23-9-35,Male,Hat,Fashion_accessories,99.23,1,4.962,104.192,12/09/2023,Cash
221-46-7754,C-23-9-932,Female,Running Shoes,Sports_and_travel,30.64,1,1.532,32.172,01/09/2023,Wave Pay
359-71-1129,C-23-9-17,Female,Tea,Food_and_beverages,28.06,1,1.403,29.463,13/09/2023,Cash
630-35-4269,C-23-9-236,Male,Earphones,Electronic_accessories,76.27,4,15.254,320.334,23/09/2023,AYA Pay
407-58-1096,C-23-9-201,Female,Tea,Food_and_beverages,97.28,4,19.456,408.576,16/09/2023,Card
238-85-9089,C-23-9-889,Female,Sunglasses,Fashion_accessories,61.35,7,21.473,450.923,23/09/2023,AYA Pay
175-54-6126,C-23-9-547,Male,Sunglasses,Fashion_accessories,81.43,3,12.215,256.505,18/09/2023,Wave Pay
768-37-8586,C-23-9-478,Female,Juice,Food_and_beverages,64.75,6,19.425,407.925,11/09/2023,AYA Pay
350-24-9121,C-23-9-71,Male,Tea,Food_and_beverages,82.17,2,8.217,172.557,14/09/2023,Wave Pay
708-45-2691,C-23-9-40,Female,Cookies,Food_and_beverages,16.94,4,3.388,71.148,05/09/2023,Wave Pay
959-53-5187,C-23-9-53,Female,Backpack,Sports_and_travel,85.81,7,30.034,630.704,16/09/2023,AYA Pay
733-63-6372,C-23-9-308,Female,Running Shoes,Sports_and_travel,36.69,10,18.345,385.245,04/09/2023,Card
757-99-2712,C-23-9-986,Female,Face Wash,Health_and_beauty,28.57,2,2.857,59.997,30/09/2023,AYA Pay
898-72-9710,C-23-9-87,Female,Yoga Mat,Sports_and_travel,57.03,4,11.406,239.526,23/09/2023,AYA Pay
775-94-1854,C-23-9-739,Female,Phone Case,Electronic_accessories,20.14,1,1.007,21.147,17/09/2023,AYA Pay
569-97-4960,C-23-9-876,Female,Table Lamp,Home_and_lifestyle,60.23,8,24.092,505.932,21/09/2023,KBZ Pay
592-58-3657,C-23-9-5,Male,Wall Clock,Home_and_lifestyle,54.37,8,21.748,456.708,21/09/2023,AYA Pay
730-30-4691,C-23-9-286,Female,Hat,Fashion_accessories,78.62,10,39.31,825.51,24/09/2023,CB Pay
325-80-1309,C-23-9-404,Female,Wall Clock,Home_and_lifestyle,71.51,8,28.604,600.684,13/09/2023,CB Pay
873-60-9719,C-23-9-145,Male,Chips,Food_and_beverages,38.28,2,3.828,80.388,08/09/2023,Card
603-79-9220,C-23-9-298,Male,Face Wash,Health_and_beauty,22.56,7,7.896,165.816,11/09/2023,CB Pay
903-47-8343,C-23-9-26,Male,Phone Case,Electronic_accessories,81.8,5,20.45,429.45,27/09/2023,KBZ Pay
239-84-4817,C-23-9-860,Female,Scarf,Fashion_accessories,19.29,3,2.893,60.763,19/09/2023,Card
273-45-5106,C-23-9-316,Female,Sunscreen,Health_and_beauty,77.94,7,27.279,572.859,21/09/2023,CB Pay
571-44-6090,C-23-9-680,Female,Lip Balm,Health_and_beauty,69.67,5,17.418,365.768,30/09/2023,KBZ Pay
856-36-5773,C-23-9-905,Female,Juice,Food_and_beverages,34.99,4,6.998,146.958,08/09/2023,CB Pay
966-13-1855,C-23-9-954,Male,Yoga Mat,Sports_and_travel,18.6,1,0.93,19.53,09/09/2023,AYA Pay
377-31-1603,C-23-9-535,Female,Power Bank,Electronic_accessories,69.49,4,13.898,291.858,17/09/2023,Card
320-43-2184,C-23-9-684,Female,Gym Towel,Sports_and_travel,58.32,7,20.412,428.652,16/09/2023,Card
685-18-7389,C-23-9-739,Male,Coffee,Food_and_beverages,35.26,5,8.815,185.115,04/09/2023,Cash
560-21-2101,C-23-9-950,Female,Gym Towel,Sports_and_travel,35.21,7,12.324,258.794,26/09/2023,CB Pay
121-21-6179,C-23-9-152,Male,Face Wash,Health_and_beauty,10.99,9,4.946,103.856,03/09/2023,Wave Pay
388-60-3535,C-23-9-99,Male,Picture Frame,Home_and_lifestyle,69.2,7,24.22,508.62,27/09/2023,CB Pay
877-13-1883,C-23-9-914,Female,Bracelet,Fashion_accessories,26.82,6,8.046,168.966,29/09/2023,Wave Pay
696-56-2409,C-23-9-842,Female,Wall Clock,Home_and_lifestyle,79.25,8,31.7,665.7,22/09/2023,KBZ Pay
645-19-6456,C-23-9-822,Male,Earphones,Electronic_accessories,42.85,2,4.285,89.985,28/09/2023,Wave Pay
474-58-1606,C-23-9-904,Male,Watch,Fashion_accessories,28.99,5,7.247,152.197,13/09/2023,AYA Pay
607-37-2467,C-23-9-865,Male,Running Shoes,Sports_and_travel,92.95,5,23.238,487.988,22/09/2023,AYA Pay
153-55-4140,C-23-9-684,Male,Earphones,Electronic_accessories,13.57,3,2.036,42.746,16/09/2023,Card
866-85-2871,C-23-9-239,Male,Running Shoes,Sports_and_travel,53.25,10,26.625,559.125,25/09/2023,KBZ Pay
613-22-1415,C-23-9-228,Male,Table Lamp,Home_and_lifestyle,71.27,8,28.508,598.668,10/09/2023,Card
991-63-3024,C-23-9-941,Female,Power Bank,Electronic_accessories,36.98,5,9.245,194.145,19/09/2023,AYA Pay
911-14-7468,C-23-9-625,Male,Watch,Fashion_accessories,35.37,4,7.074,148.554,09/09/2023,Card
981-56-1080,C-23-9-176,Male,Cushion,Home_and_lifestyle,63.13,1,3.157,66.287,12/09/2023,Wave Pay
180-95-4139,C-23-9-383,Male,Sunglasses,Fashion_accessories,95.72,4,19.144,402.024,05/09/2023,Card
635-27-2289,C-23-9-824,Female,Hat,Fashion_accessories,35.09,7,12.282,257.912,18/09/2023,AYA Pay
667-85-3341,C-23-9-528,Male,Earphones,Electronic_accessories,21.19,5,5.298,111.248,12/09/2023,KBZ Pay
512-32-4460,C-23-9-485,Female,Tea,Food_and_beverages,51.92,8,20.768,436.128,07/09/2023,Wave Pay
944-68-7217,C-23-9-313,Female,Scarf,Fashion_accessories,14.26,8,5.704,119.784,26/09/2023,Card
637-68-7471,C-23-9-818,Female,Tea,Food_and_beverages,62.38,8,24.952,523.992,06/09/2023,Cash
942-43-8375,C-23-9-48,Female,Chips,Food_and_beverages,47.28,4,9.456,198.576,26/09/2023,AYA Pay
662-94-6709,C-23-9-445,Female,Candles,Home_and_lifestyle,43.65,3,6.547,137.497,03/09/2023,Wave Pay
984-26-8563,C-23-9-746,Female,Hat,Fashion_accessories,62.31,3,9.347,196.277,03/09/2023,AYA Pay
128-86-9877,C-23-9-181,Male,Chips,Food_and_beverages,47.5,2,4.75,99.75,10/09/2023,KBZ Pay
529-69-8920,C-23-9-401,Male,Shampoo,Health_and_beauty,75.72,1,3.786,79.506,05/09/2023,Cash
466-91-3935,C-23-9-961,Female,Shampoo,Health_and_beauty,17.82,10,8.91,187.11,12/09/2023,Cash
599-95-9470,C-23-9-281,Female,Yoga Mat,Sports_and_travel,83.1,10,41.55,872.55,08/09/2023,KBZ Pay
973-29-1763,C-23-9-774,Female,Body Lotion,Health_and_beauty,61.92,10,30.96,650.16,23/09/2023,KBZ Pay
922-91-6044,C-23-9-471,Female,Backpack,Sports_and_travel,76.56,8,30.624,643.104,16/09/2023,Cash
896-91-2925,C-23-9-266,Male,Sunglasses,Fashion_accessories,88.51,10,44.255,929.355,16/09/2023,Wave Pay
324-29-9902,C-23-9-127,Male,USB Cable,Electronic_accessories,75.18,8,30.072,631.512,08/09/2023,AYA Pay
994-56-6032,C-23-9-263,Male,Juice,Food_and_beverages,60.5,4,12.1,254.1,15/09/2023,Card
323-29-4341,C-23-9-272,Male,Picture Frame,Home_and_lifestyle,47.76,2,4.776,100.296,29/09/2023,CB Pay
951-37-7613,C-23-9-490,Male,Sunglasses,Fashion_accessories,41.59,1,2.08,43.67,21/09/2023,Wave Pay
519-60-7446,C-23-9-614,Male,Picture Frame,Home_and_lifestyle,19.06,4,3.812,80.052,03/09/2023,Card
277-90-1662,C-23-9-564,Female,Scarf,Fashion_accessories,16.83,8,6.732,141.372,14/09/2023,Card
507-89-3671,C-23-9-813,Male,Coffee,Food_and_beverages,48.67,3,7.3,153.31,28/09/2023,CB Pay
591-33-1540,C-23-9-665,Male,Bracelet,Fashion_accessories,39.21,9,17.645,370.535,06/09/2023,KBZ Pay
536-78-8807,C-23-9-545,Female,Scarf,Fashion_accessories,78.02,8,31.208,655.368,28/09/2023,AYA Pay
620-22-5881,C-23-9-854,Male,Bracelet,Fashion_accessories,83.07,1,4.154,87.224,13/09/2023,Cash
920-44-6590,C-23-9-331,Male,Lip Balm,Health_and_beauty,93.28,8,37.312,783.552,29/09/2023,CB Pay
