Invoice ID,Customer ID,Gender,Product_Name,Category,Unit price,Quantity,Tax 5%,Total,Date,Payment_Method
692-92-5582,C-23-1-1,Female,Shampoo,Health_and_beauty,54.84,3,8.226,172.746,22/1/2023,Wave Pay
351-62-0822,C-23-1-2,Female,Backpack,Sports_and_travel,14.48,4,2.896,60.816,24/1/2023,AYA Pay
529-56-3974,C-23-1-3,Male,Cushion,Home_and_lifestyle,25.51,4,5.102,107.142,11/1/2023,Card
299-46-1805,C-23-1-4,Female,Running Shoes,Sports_and_travel,93.72,6,28.116,590.436,15/1/2023,KBZ Pay
319-50-3348,C-23-1-5,Female,USB Cable,Electronic_accessories,40.3,2,4.03,84.63,27/1/2023,Cash
371-85-5789,C-23-1-6,Male,Candles,Home_and_lifestyle,87.98,3,13.197,277.137,3/1/2023,CB Pay
273-16-6619,C-23-1-7,Male,Charger,Electronic_accessories,33.2,2,3.32,69.72,4/1/2023,KBZ Pay
649-29-6775,C-23-1-8,Male,Table Lamp,Home_and_lifestyle,33.52,1,1.676,35.196,24/1/2023,Cash
145-94-9061,C-23-1-9,Female,Backpack,Sports_and_travel,88.36,5,22.09,463.89,7/1/2023,Card
871-79-8483,C-23-1-10,Male,Juice,Food_and_beverages,94.13,5,23.5325,494.1825,24/1/2023,Wave Pay
149-71-6266,C-23-1-11,Male,Candles,Home_and_lifestyle,78.07,9,35.1315,737.7615,26/1/2023,KBZ Pay
640-49-2076,C-23-1-12,Male,Picture Frame,Home_and_lifestyle,83.78,8,33.512,703.752,3/1/2023,Card
777-82-7220,C-23-1-13,Male,Gym Towel,Sports_and_travel,30.12,8,12.048,253.008,5/1/2023,AYA Pay
280-35-5823,C-23-1-14,Female,Sunglasses,Fashion_accessories,86.72,1,4.336,91.056,16/1/2023,Wave Pay
354-25-5821,C-23-1-15,Female,Cookies,Food_and_beverages,69.12,6,20.736,435.456,4/1/2023,KBZ Pay
132-32-9879,C-23-1-16,Female,Tea,Food_and_beverages,93.96,4,18.792,394.632,31/1/2023,Card
370-41-7321,C-23-1-17,Male,Earphones,Electronic_accessories,56.69,9,25.5105,535.7205,25/1/2023,AYA Pay
727-46-3608,C-23-1-18,Female,Face Wash,Health_and_beauty,20.01,9,9.0045,189.0945,12/1/2023,Wave Pay
669-54-1719,C-23-1-19,Male,Candles,Home_and_lifestyle,18.93,6,5.679,119.259,31/1/2023,KBZ Pay
616-24-2851,C-23-1-20,Female,Shampoo,Health_and_beauty,17.87,4,3.574,75.054,27/1/2023,CB Pay
242-55-6721,C-23-1-21,Male,Body Lotion,Health_and_beauty,16.16,2,1.616,33.936,5/1/2023,Wave Pay
347-34-2234,C-23-1-22,Female,Shampoo,Health_and_beauty,55.07,9,24.7815,520.4115,7/1/2023,Cash
853-23-2453,C-23-1-23,Male,Picture Frame,Home_and_lifestyle,75.74,4,15.148,318.108,9/1/2023,Cash
109-28-2512,C-23-1-24,Female,Water Bottle,Sports_and_travel,97.61,6,29.283,614.943,7/1/2023,CB Pay
510-95-6347,C-23-1-25,Female,USB Cable,Electronic_accessories,48.52,3,7.278,152.838,16/1/2023,Card
847-38-7188,C-23-1-26,Female,Charger,Electronic_accessories,96.68,3,14.502,304.542,5/1/2023,Cash
318-68-5053,C-23-1-27,Female,Chips,Food_and_beverages,76.99,6,23.097,485.037,9/1/2023,KBZ Pay
152-08-9985,C-23-1-28,Male,Wall Clock,Home_and_lifestyle,64.36,9,28.962,608.202,27/1/2023,Card
766-85-7061,C-23-1-29,Male,Bracelet,Fashion_accessories,87.87,10,43.935,922.635,24/1/2023,Wave Pay
733-01-9107,C-23-1-30,Male,Sunglasses,Fashion_accessories,82.7,6,24.81,521.01,15/1/2023,Card
716-39-1409,C-23-1-31,Male,Sunscreen,Health_and_beauty,30.35,7,10.6225,223.0725,5/1/2023,KBZ Pay
479-26-8945,C-23-1-32,Female,Tea,Food_and_beverages,16.49,2,1.649,34.629,10/1/2023,CB Pay
227-78-1148,C-23-1-33,Female,Sunscreen,Health_and_beauty,72.84,7,25.494,535.374,11/1/2023,KBZ Pay
291-32-1427,C-23-1-34,Male,Cookies,Food_and_beverages,21.94,5,5.485,115.185,4/1/2023,KBZ Pay
659-65-8956,C-23-1-35,Male,Tea,Food_and_beverages,51.36,1,2.568,53.928,28/1/2023,CB Pay
378-24-2715,C-23-1-36,Male,Body Lotion,Health_and_beauty,53.44,2,5.344,112.224,30/1/2023,Card
219-22-9386,C-23-1-37,Male,Coffee,Food_and_beverages,99.96,9,44.982,944.622,20/1/2023,Card
268-27-6179,C-23-1-38,Female,Shampoo,Health_and_beauty,56.47,8,22.588,474.348,16/1/2023,Card
549-84-7482,C-23-1-39,Female,Body Lotion,Health_and_beauty,90.28,9,40.626,853.146,11/1/2023,AYA Pay
191-10-6171,C-23-1-40,Female,Backpack,Sports_and_travel,39.62,7,13.867,291.207,19/1/2023,AYA Pay
695-51-0018,C-23-1-41,Female,Hat,Fashion_accessories,34.84,4,6.968,146.328,11/1/2023,Wave Pay
590-83-4591,C-23-1-42,Male,Phone Case,Electronic_accessories,87.45,6,26.235,550.935,15/1/2023,CB Pay
241-72-9525,C-23-1-43,Male,Bracelet,Fashion_accessories,51.91,10,25.955,545.055,18/1/2023,AYA Pay
262-47-2794,C-23-1-44,Male,Cookies,Food_and_beverages,71.86,8,28.744,603.624,20/1/2023,AYA Pay
608-96-3517,C-23-1-45,Female,Sunglasses,Fashion_accessories,91.54,4,18.308,384.468,30/1/2023,Wave Pay
279-74-2924,C-23-1-46,Male,Power Bank,Electronic_accessories,72.17,1,3.6085,75.7785,24/1/2023,AYA Pay
307-85-2293,C-23-1-47,Male,Yoga Mat,Sports_and_travel,50.28,5,12.57,263.97,5/1/2023,Card
743-04-1105,C-23-1-48,Male,Chips,Food_and_beverages,97.22,9,43.749,918.729,14/1/2023,CB Pay
423-57-2993,C-23-1-49,Male,Picture Frame,Home_and_lifestyle,93.39,6,28.017,588.357,13/1/2023,Wave Pay
548-46-9322,C-23-1-50,Male,Cookies,Food_and_beverages,39.9,10,19.95,418.95,13/1/2023,Wave Pay
505-02-0892,C-23-1-51,Male,Lip Balm,Health_and_beauty,42.57,8,17.028,357.588,4/1/2023,Wave Pay
316-55-4634,C-23-1-52,Male,Earphones,Electronic_accessories,80.05,5,20.0125,420.2625,8/1/2023,Card
608-27-6295,C-23-1-53,Male,Running Shoes,Sports_and_travel,52.89,6,15.867,333.207,4/1/2023,AYA Pay
414-12-7047,C-23-1-54,Male,Yoga Mat,Sports_and_travel,19.79,8,7.916,166.236,18/1/2023,Card
895-66-0685,C-23-1-55,Male,Yoga Mat,Sports_and_travel,18.08,3,2.712,56.952,22/1/2023,KBZ Pay
305-14-0245,C-23-1-56,Female,Hat,Fashion_accessories,94.49,8,37.796,793.716,31/1/2023,Card
732-04-5373,C-23-1-57,Male,Coffee,Food_and_beverages,46.47,4,9.294,195.174,13/1/2023,Card
284-34-9626,C-23-1-58,Female,Cookies,Food_and_beverages,77.04,3,11.556,242.676,27/1/2023,Card
437-58-8131,C-23-1-59,Female,Phone Case,Electronic_accessories,73.52,2,7.352,154.392,21/1/2023,Wave Pay
641-43-2399,C-23-1-60,Male,Face Wash,Health_and_beauty,25.55,4,5.11,107.31,9/1/2023,KBZ Pay
542-41-0513,C-23-1-61,Female,Power Bank,Electronic_accessories,57.49,4,11.498,241.458,1/1/2023,AYA Pay
875-46-5808,C-23-1-62,Male,Earphones,Electronic_accessories,25.9,10,12.95,271.95,16/1/2023,Cash
394-43-4238,C-23-1-63,Male,Sunscreen,Health_and_beauty,17.77,5,4.4425,93.2925,4/1/2023,KBZ Pay
573-58-9734,C-23-1-64,Female,Wall Clock,Home_and_lifestyle,30.37,3,4.5555,95.6655,6/1/2023,CB Pay
817-69-8206,C-23-1-65,Female,Candles,Home_and_lifestyle,99.73,9,44.8785,942.4485,27/1/2023,Wave Pay
142-63-6033,C-23-1-66,Male,Cookies,Food_and_beverages,92.36,5,23.09,484.89,15/1/2023,Cash
656-16-1063,C-23-1-67,Male,Table Lamp,Home_and_lifestyle,46.42,3,6.963,146.223,7/1/2023,CB Pay
891-58-8335,C-23-1-68,Female,Charger,Electronic_accessories,29.61,7,10.3635,217.6335,8/1/2023,KBZ Pay
560-30-5617,C-23-1-69,Female,Candles,Home_and_lifestyle,24.77,5,6.1925,130.0425,23/1/2023,AYA Pay
549-03-9315,C-23-1-70,Male,Yoga Mat,Sports_and_travel,94.87,8,37.948,796.908,28/1/2023,KBZ Pay
790-29-1172,C-23-1-71,Female,USB Cable,Electronic_accessories,57.34,3,8.601,180.621,7/1/2023,Card
239-36-3640,C-23-1-72,Male,Charger,Electronic_accessories,45.35,6,13.605,285.705,1/1/2023,Wave Pay
468-01-2051,C-23-1-73,Male,Shampoo,Health_and_beauty,62.08,7,21.728,456.288,28/1/2023,Card
836-82-5858,C-23-1-74,Male,Tea,Food_and_beverages,69.37,9,31.2165,655.5465,30/1/2023,Cash
466-61-5506,C-23-1-75,Female,Watch,Fashion_accessories,90.7,6,27.21,571.41,8/1/2023,Card
289-65-5721,C-23-1-76,Female,Gym Towel,Sports_and_travel,81.37,2,8.137,170.877,6/1/2023,Card
545-46-3100,C-23-1-77,Female,Cookies,Food_and_beverages,10.59,3,1.5885,33.3585,26/1/2023,CB Pay
418-02-5978,C-23-1-78,Female,Picture Frame,Home_and_lifestyle,84.09,9,37.8405,794.6505,5/1/2023,AYA Pay
269-04-5750,C-23-1-79,Male,Wall Clock,Home_and_lifestyle,73.82,4,14.764,310.044,18/1/2023,Cash
346-84-3103,C-23-1-80,Female,Power Bank,Electronic_accessories,13.22,5,3.305,69.405,9/1/2023,AYA Pay
376-02-8238,C-23-1-81,Male,Chips,Food_and_beverages,93.87,8,37.548,788.508,13/1/2023,Cash
866-05-7563,C-23-1-82,Female,Tea,Food_and_beverages,81.4,3,12.21,256.41,17/1/2023,Card
785-13-7708,C-23-1-83,Male,Watch,Fashion_accessories,73.06,7,25.571,536.991,1/1/2023,Wave Pay
845-51-0542,C-23-1-84,Male,Yoga Mat,Sports_and_travel,46.55,9,20.9475,439.8975,16/1/2023,Card
110-48-7033,C-23-1-85,Male,Face Wash,Health_and_beauty,32.62,4,6.524,137.004,16/1/2023,KBZ Pay
655-85-5130,C-23-1-86,Female,Tea,Food_and_beverages,38.3,4,7.66,160.86,27/1/2023,AYA Pay
154-74-7179,C-23-1-87,Male,Sunglasses,Fashion_accessories,54.45,1,2.7225,57.1725,31/1/2023,Cash
571-94-0759,C-23-1-88,Female,Backpack,Sports_and_travel,74.6,10,37.3,783.3,3/1/2023,AYA Pay
783-09-1637,C-23-1-89,Female,Wall Clock,Home_and_lifestyle,67.43,5,16.8575,354.0075,13/1/2023,AYA Pay
477-24-6490,C-23-1-90,Female,Water Bottle,Sports_and_travel,99.71,6,29.913,628.173,24/1/2023,Cash
566-19-5475,C-23-1-91,Male,Bracelet,Fashion_accessories,47.97,7,16.7895,352.5795,10/1/2023,Cash
498-41-1961,C-23-1-92,Male,Chips,Food_and_beverages,66.68,5,16.67,350.07,28/1/2023,AYA Pay
283-79-9594,C-23-1-93,Female,USB Cable,Electronic_accessories,48.51,7,16.9785,356.5485,31/1/2023,AYA Pay
139-20-0155,C-23-1-94,Male,Shampoo,Health_and_beauty,40.3,10,20.15,423.15,25/1/2023,Cash
585-03-5943,C-23-1-95,Male,Sunscreen,Health_and_beauty,18.11,10,9.055,190.155,15/1/2023,AYA Pay
573-10-3877,C-23-1-96,Male,Picture Frame,Home_and_lifestyle,39.01,1,1.9505,40.9605,19/1/2023,CB Pay
396-90-2219,C-23-1-97,Female,Coffee,Food_and_beverages,14.96,8,5.984,125.664,23/1/2023,KBZ Pay
532-59-7201,C-23-1-98,Male,Charger,Electronic_accessories,79.93,6,23.979,503.559,3/1/2023,KBZ Pay
276-54-0879,C-23-1-99,Male,Earphones,Electronic_accessories,97.74,4,19.548,410.508,17/1/2023,KBZ Pay
730-61-8757,C-23-1-100,Male,Juice,Food_and_beverages,51.13,4,10.226,214.746,23/1/2023,Card
868-81-1752,C-23-1-101,Male,Power Bank,Electronic_accessories,22.02,9,9.909,208.089,12/1/2023,KBZ Pay
692-27-8933,C-23-1-102,Female,Sunglasses,Fashion_accessories,57.95,6,17.385,365.085,30/1/2023,AYA Pay
374-17-3652,C-23-1-103,Female,Bracelet,Fashion_accessories,42.82,9,19.269,404.649,30/1/2023,Cash
378-07-7001,C-23-1-104,Male,Charger,Electronic_accessories,48.09,3,7.2135,151.4835,6/1/2023,KBZ Pay
433-75-6987,C-23-1-105,Female,Picture Frame,Home_and_lifestyle,55.97,7,19.5895,411.3795,11/1/2023,Card
873-95-4984,C-23-1-106,Female,Chips,Food_and_beverages,76.9,7,26.915,565.215,29/1/2023,Cash
400-45-1220,C-23-1-107,Female,Charger,Electronic_accessories,13.5,10,6.75,141.75,24/1/2023,CB Pay
115-99-4379,C-23-1-108,Female,Phone Case,Electronic_accessories,54.73,7,19.1555,402.2655,12/1/2023,CB Pay
565-67-6697,C-23-1-109,Male,USB Cable,Electronic_accessories,27,9,12.15,255.15,20/1/2023,CB Pay
889-04-9723,C-23-1-110,Female,Chips,Food_and_beverages,89.14,4,17.828,374.388,27/1/2023,KBZ Pay
453-63-6187,C-23-1-111,Male,USB Cable,Electronic_accessories,27.5,3,4.125,86.625,12/1/2023,AYA Pay
578-80-7669,C-23-1-112,Male,Hat,Fashion_accessories,74.97,1,3.7485,78.7185,11/1/2023,KBZ Pay
201-86-2184,C-23-1-113,Female,Bracelet,Fashion_accessories,26.26,7,9.191,193.011,7/1/2023,Cash
261-12-8671,C-23-1-114,Female,USB Cable,Electronic_accessories,60.96,2,6.096,128.016,6/1/2023,Card
843-01-4703,C-23-1-115,Female,Phone Case,Electronic_accessories,35.38,9,15.921,334.341,21/1/2023,CB Pay
182-69-8360,C-23-1-116,Female,Chips,Food_and_beverages,23.65,4,4.73,99.33,31/1/2023,KBZ Pay
868-52-7573,C-23-1-117,Female,Tea,Food_and_beverages,99.69,5,24.9225,523.3725,5/1/2023,Wave Pay
525-88-7307,C-23-1-118,Male,Picture Frame,Home_and_lifestyle,75.82,1,3.791,79.611,10/1/2023,Card
596-42-3999,C-23-1-119,Male,Water Bottle,Sports_and_travel,18.22,7,6.377,133.917,29/1/2023,Cash
173-82-9529,C-23-1-120,Female,Wall Clock,Home_and_lifestyle,37.95,10,18.975,398.475,17/1/2023,AYA Pay
760-54-1821,C-23-1-121,Male,Cushion,Home_and_lifestyle,13.59,9,6.1155,128.4255,28/1/2023,Card
793-10-3222,C-23-1-122,Female,Earphones,Electronic_accessories,41.06,6,12.318,258.678,4/1/2023,Cash
346-12-3257,C-23-1-123,Male,Running Shoes,Sports_and_travel,19.24,9,8.658,181.818,25/1/2023,AYA Pay
831-64-0259,C-23-1-124,Female,Cookies,Food_and_beverages,39.75,5,9.9375,208.6875,22/1/2023,Card
725-32-9708,C-23-1-125,Female,Sunscreen,Health_and_beauty,68.71,4,13.742,288.582,8/1/2023,Wave Pay
244-08-0162,C-23-1-126,Female,Sunglasses,Fashion_accessories,34.21,10,17.105,359.205,31/1/2023,CB Pay
569-71-4390,C-23-1-127,Male,Picture Frame,Home_and_lifestyle,21.87,2,2.187,45.927,2/1/2023,KBZ Pay
268-03-6164,C-23-1-128,Male,USB Cable,Electronic_accessories,96.11,1,4.8055,100.9155,4/1/2023,Wave Pay
848-07-1692,C-23-1-129,Female,USB Cable,Electronic_accessories,57.22,2,5.722,120.162,20/1/2023,CB Pay
301-81-8610,C-23-1-130,Male,Running Shoes,Sports_and_travel,25.42,8,10.168,213.528,1/1/2023,AYA Pay
198-84-7132,C-23-1-131,Male,Water Bottle,Sports_and_travel,40.61,9,18.2745,383.7645,13/1/2023,AYA Pay
650-98-6268,C-23-1-132,Female,Scarf,Fashion_accessories,20.87,3,3.1305,65.7405,3/1/2023,Wave Pay
741-73-3559,C-23-1-133,Male,Lip Balm,Health_and_beauty,67.27,5,16.8175,353.1675,31/1/2023,Card
286-75-7818,C-23-1-134,Male,Lip Balm,Health_and_beauty,69.08,2,6.908,145.068,3/1/2023,AYA Pay
616-87-0016,C-23-1-135,Male,Gym Towel,Sports_and_travel,95.54,7,33.439,702.219,18/1/2023,Card
837-55-7229,C-23-1-136,Female,Juice,Food_and_beverages,47.44,1,2.372,49.812,26/1/2023,Cash
394-30-3170,C-23-1-137,Female,Tea,Food_and_beverages,88.43,8,35.372,742.812,19/1/2023,CB Pay
390-80-5128,C-23-1-138,Female,Table Lamp,Home_and_lifestyle,19.15,1,0.9575,20.1075,18/1/2023,CB Pay
296-11-7041,C-23-1-139,Female,Phone Case,Electronic_accessories,27.07,1,1.3535,28.4235,1/1/2023,Cash
449-27-2918,C-23-1-140,Female,Candles,Home_and_lifestyle,39.12,1,1.956,41.076,6/1/2023,Card
891-01-7034,C-23-1-141,Female,Picture Frame,Home_and_lifestyle,74.71,6,22.413,470.673,5/1/2023,Card
744-09-5786,C-23-1-142,Male,Scarf,Fashion_accessories,22.01,6,6.603,138.663,4/1/2023,CB Pay
767-54-1907,C-23-1-143,Female,Face Wash,Health_and_beauty,29.56,5,7.39,155.19,1/1/2023,KBZ Pay
710-46-4433,C-23-1-144,Female,Yoga Mat,Sports_and_travel,77.4,9,34.83,731.43,22/1/2023,Card
533-33-5337,C-23-1-145,Male,Candles,Home_and_lifestyle,79.39,10,39.695,833.595,17/1/2023,Wave Pay
234-03-4040,C-23-1-146,Female,Watch,Fashion_accessories,73.05,10,36.525,767.025,1/1/2023,CB Pay
554-53-3790,C-23-1-147,Male,Cushion,Home_and_lifestyle,37.02,6,11.106,233.226,29/1/2023,KBZ Pay
731-59-7531,C-23-1-148,Male,Hat,Fashion_accessories,72.57,8,29.028,609.588,10/1/2023,CB Pay
701-69-8742,C-23-1-149,Male,Shampoo,Health_and_beauty,34.37,10,17.185,360.885,17/1/2023,CB Pay
305-18-3552,C-23-1-150,Male,Candles,Home_and_lifestyle,60.38,10,30.19,633.99,3/1/2023,Card
438-01-4015,C-23-1-151,Female,Hat,Fashion_accessories,49.49,4,9.898,207.858,29/1/2023,CB Pay
709-58-4068,C-23-1-152,Female,Cushion,Home_and_lifestyle,41.09,10,20.545,431.445,7/1/2023,Cash
627-95-3243,C-23-1-153,Female,Yoga Mat,Sports_and_travel,77.68,9,34.956,734.076,16/1/2023,AYA Pay
686-41-0932,C-23-1-154,Female,Chips,Food_and_beverages,34.7,2,3.47,72.87,10/1/2023,Cash
608-04-3797,C-23-1-155,Female,Tea,Food_and_beverages,25.32,8,10.128,212.688,30/1/2023,AYA Pay
437-53-3084,C-23-1-156,Male,Scarf,Fashion_accessories,99.89,2,9.989,209.769,28/1/2023,KBZ Pay
632-32-4574,C-23-1-157,Male,Yoga Mat,Sports_and_travel,75.92,8,30.368,637.728,28/1/2023,CB Pay
401-18-8016,C-23-1-158,Female,Tea,Food_and_beverages,98.13,1,4.9065,103.0365,2/1/2023,CB Pay
277-63-2961,C-23-1-159,Male,Hat,Fashion_accessories,73.97,1,3.6985,77.6685,24/1/2023,CB Pay
282-35-2475,C-23-1-160,Female,Water Bottle,Sports_and_travel,93.31,2,9.331,195.951,11/1/2023,KBZ Pay
511-54-3087,C-23-1-161,Male,Cushion,Home_and_lifestyle,88.45,1,4.4225,92.8725,13/1/2023,Cash
387-49-4215,C-23-1-162,Female,Cushion,Home_and_lifestyle,48.5,3,7.275,152.775,11/1/2023,KBZ Pay
862-17-9201,C-23-1-163,Female,Phone Case,Electronic_accessories,84.05,6,25.215,529.515,25/1/2023,CB Pay
291-21-5991,C-23-1-164,Male,Cushion,Home_and_lifestyle,61.29,5,15.3225,321.7725,20/1/2023,KBZ Pay
347-72-6115,C-23-1-165,Female,Power Bank,Electronic_accessories,90.74,7,31.759,666.939,2/1/2023,KBZ Pay
425-85-2085,C-23-1-166,Male,Charger,Electronic_accessories,54.86,5,13.715,288.015,2/1/2023,AYA Pay
734-91-1155,C-23-1-167,Female,Wall Clock,Home_and_lifestyle,45.71,3,6.8565,143.9865,6/1/2023,Card
286-62-6248,C-23-1-168,Male,Earphones,Electronic_accessories,39.21,4,7.842,164.682,4/1/2023,AYA Pay
339-38-9982,C-23-1-169,Male,Earphones,Electronic_accessories,59.86,2,5.986,125.706,19/1/2023,KBZ Pay
827-44-5872,C-23-1-170,Female,Lip Balm,Health_and_beauty,54.36,10,27.18,570.78,19/1/2023,KBZ Pay
857-67-9057,C-23-1-171,Male,USB Cable,Electronic_accessories,22.95,10,11.475,240.975,14/1/2023,Cash
339-12-4827,C-23-1-172,Female,Sunscreen,Health_and_beauty,73.96,1,3.698,77.658,8/1/2023,KBZ Pay
173-50-1108,C-23-1-173,Female,Wall Clock,Home_and_lifestyle,20.18,4,4.036,84.756,1/1/2023,AYA Pay
841-18-8232,C-23-1-174,Female,Gym Towel,Sports_and_travel,71.2,1,3.56,74.76,13/1/2023,CB Pay
701-23-5550,C-23-1-175,Male,Running Shoes,Sports_and_travel,38.81,4,7.762,163.002,15/1/2023,CB Pay
539-21-7227,C-23-1-176,Female,Cookies,Food_and_beverages,51.54,5,12.885,270.585,27/1/2023,CB Pay
747-58-7183,C-23-1-177,Male,Scarf,Fashion_accessories,57.27,3,8.5905,180.4005,13/1/2023,Card
582-52-8065,C-23-1-178,Female,Sunscreen,Health_and_beauty,54.31,9,24.4395,513.2295,21/1/2023,AYA Pay
210-57-1719,C-23-1-179,Female,Phone Case,Electronic_accessories,58.24,9,26.208,550.368,10/1/2023,CB Pay
356-44-8813,C-23-1-180,Male,Cushion,Home_and_lifestyle,37.48,3,5.622,118.062,26/1/2023,Wave Pay
198-66-9832,C-23-1-181,Female,Phone Case,Electronic_accessories,72.04,2,7.204,151.284,21/1/2023,Cash
174-75-0888,C-23-1-182,Male,Power Bank,Electronic_accessories,21.58,9,9.711,203.931,21/1/2023,Cash
134-54-4720,C-23-1-183,Female,Table Lamp,Home_and_lifestyle,42.42,8,16.968,356.328,16/1/2023,Card
514-37-2845,C-23-1-184,Male,Cushion,Home_and_lifestyle,99.25,2,9.925,208.425,12/1/2023,KBZ Pay
241-11-2261,C-23-1-185,Female,Backpack,Sports_and_travel,79.86,7,27.951,586.971,2/1/2023,AYA Pay
834-83-1826,C-23-1-186,Female,Tea,Food_and_beverages,82.04,5,20.51,430.71,13/1/2023,Card
343-61-3544,C-23-1-187,Male,Sunscreen,Health_and_beauty,26.67,10,13.335,280.035,29/1/2023,KBZ Pay
355-34-6244,C-23-1-188,Male,Earphones,Electronic_accessories,72.39,2,7.239,152.019,18/1/2023,Wave Pay
339-96-8318,C-23-1-189,Male,Power Bank,Electronic_accessories,81.31,7,28.4585,597.6285,17/1/2023,Cash
458-61-0011,C-23-1-190,Male,Shampoo,Health_and_beauty,60.3,4,12.06,253.26,4/1/2023,Wave Pay
207-73-1363,C-23-1-191,Male,Juice,Food_and_beverages,69.51,2,6.951,145.971,4/1/2023,AYA Pay
359-90-3665,C-23-1-192,Female,Wall Clock,Home_and_lifestyle,18.08,4,3.616,75.936,5/1/2023,KBZ Pay
375-72-3056,C-23-1-193,Male,Sunscreen,Health_and_beauty,63.06,3,9.459,198.639,8/1/2023,KBZ Pay
585-11-6748,C-23-1-194,Male,Phone Case,Electronic_accessories,96.8,3,14.52,304.92,16/1/2023,KBZ Pay
470-31-3286,C-23-1-195,Male,Juice,Food_and_beverages,14.82,3,2.223,46.683,30/1/2023,CB Pay
642-30-6693,C-23-1-196,Female,Cushion,Home_and_lifestyle,54.51,6,16.353,343.413,31/1/2023,KBZ Pay
830-58-2383,C-23-1-197,Male,Cushion,Home_and_lifestyle,31.75,4,6.35,133.35,12/1/2023,Cash
349-97-8902,C-23-1-198,Male,Picture Frame,Home_and_lifestyle,57.89,2,5.789,121.569,20/1/2023,Card
789-23-8625,C-23-1-199,Male,Tea,Food_and_beverages,93.22,3,13.983,293.643,3/1/2023,AYA Pay
327-40-9673,C-23-1-200,Male,Wall Clock,Home_and_lifestyle,72.6,6,21.78,457.38,1/1/2023,Cash
670-79-6321,C-23-1-201,Female,Sunscreen,Health_and_beauty,94.59,7,33.1065,695.2365,10/1/2023,CB Pay
852-62-7105,C-23-1-202,Female,Wall Clock,Home_and_lifestyle,83.25,10,41.625,874.125,5/1/2023,KBZ Pay
598-06-7312,C-23-1-203,Male,Bracelet,Fashion_accessories,91.35,1,4.5675,95.9175,1/1/2023,CB Pay
135-13-8269,C-23-1-204,Female,Picture Frame,Home_and_lifestyle,78.88,2,7.888,165.648,2/1/2023,CB Pay
628-90-8624,C-23-1-205,Male,Juice,Food_and_beverages,82.58,10,41.29,867.09,3/1/2023,AYA Pay
420-04-7590,C-23-1-206,Male,Bracelet,Fashion_accessories,99.7,3,14.955,314.055,28/1/2023,Card
182-88-2763,C-23-1-207,Male,Body Lotion,Health_and_beauty,79.91,3,11.9865,251.7165,23/1/2023,KBZ Pay
188-55-0967,C-23-1-208,Male,Bracelet,Fashion_accessories,66.47,10,33.235,697.935,19/1/2023,KBZ Pay
364-33-8584,C-23-1-209,Female,Face Wash,Health_and_beauty,17.63,5,4.4075,92.5575,23/1/2023,Card
665-63-9737,C-23-1-210,Male,USB Cable,Electronic_accessories,52.42,3,7.863,165.123,20/1/2023,AYA Pay
695-09-5146,C-23-1-211,Female,Table Lamp,Home_and_lifestyle,98.79,3,14.8185,311.1885,31/1/2023,CB Pay
794-32-2436,C-23-1-212,Male,Coffee,Food_and_beverages,55.67,2,5.567,116.907,12/1/2023,Cash
574-31-8277,C-23-1-213,Male,Body Lotion,Health_and_beauty,33.63,1,1.6815,35.3115,8/1/2023,AYA Pay
369-82-2676,C-23-1-214,Male,Bracelet,Fashion_accessories,75.66,5,18.915,397.215,7/1/2023,Wave Pay
563-47-4072,C-23-1-215,Female,Running Shoes,Sports_and_travel,55.81,6,16.743,351.603,12/1/2023,Card
149-15-7606,C-23-1-216,Male,Sunscreen,Health_and_beauty,37.32,9,16.794,352.674,26/1/2023,CB Pay
133-77-3154,C-23-1-217,Male,Tea,Food_and_beverages,60.18,4,12.036,252.756,19/1/2023,CB Pay
322-02-2271,C-23-1-218,Female,Coffee,Food_and_beverages,42.97,3,6.4455,135.3555,17/1/2023,Card
725-67-2480,C-23-1-219,Female,Sunscreen,Health_and_beauty,58.75,6,17.625,370.125,10/1/2023,Cash
779-42-2410,C-23-1-220,Male,Table Lamp,Home_and_lifestyle,57.74,3,8.661,181.881,5/1/2023,KBZ Pay
190-14-3147,C-23-1-221,Female,Power Bank,Electronic_accessories,17.97,4,3.594,75.474,22/1/2023,AYA Pay
679-22-6530,C-23-1-222,Female,Gym Towel,Sports_and_travel,40.62,2,4.062,85.302,26/1/2023,CB Pay
642-61-4706,C-23-1-223,Male,Table Lamp,Home_and_lifestyle,93.4,2,9.34,196.14,22/1/2023,Wave Pay
576-31-4774,C-23-1-224,Female,Candles,Home_and_lifestyle,73.41,3,11.0115,231.2415,23/1/2023,Cash
242-11-3142,C-23-1-225,Male,USB Cable,Electronic_accessories,83.77,2,8.377,175.917,2/1/2023,KBZ Pay
752-23-3760,C-23-1-226,Female,Table Lamp,Home_and_lifestyle,64.08,7,22.428,470.988,30/1/2023,AYA Pay
528-87-5606,C-23-1-227,Female,Backpack,Sports_and_travel,39.48,1,1.974,41.454,30/1/2023,Card
320-85-2052,C-23-1-228,Female,Picture Frame,Home_and_lifestyle,34.81,1,1.7405,36.5505,1/1/2023,AYA Pay
510-79-0415,C-23-1-229,Female,Running Shoes,Sports_and_travel,23.08,6,6.924,145.404,20/1/2023,AYA Pay
241-96-5076,C-23-1-230,Female,Charger,Electronic_accessories,49.1,2,4.91,103.11,1/1/2023,Cash
767-97-4650,C-23-1-231,Female,Face Wash,Health_and_beauty,64.83,2,6.483,136.143,31/1/2023,Card
826-58-8051,C-23-1-232,Male,Bracelet,Fashion_accessories,62.19,4,12.438,261.198,17/1/2023,AYA Pay
176-64-7711,C-23-1-233,Male,Water Bottle,Sports_and_travel,32.32,3,4.848,101.808,21/1/2023,KBZ Pay
191-29-0321,C-23-1-234,Female,Cushion,Home_and_lifestyle,19.77,10,9.885,207.585,15/1/2023,Cash
729-06-2010,C-23-1-235,Male,Cookies,Food_and_beverages,80.47,9,36.2115,760.4415,24/1/2023,Cash
640-48-5028,C-23-1-236,Female,Body Lotion,Health_and_beauty,88.39,9,39.7755,835.2855,9/1/2023,Card
186-79-9562,C-23-1-237,Male,Backpack,Sports_and_travel,71.77,7,25.1195,527.5095,31/1/2023,KBZ Pay
834-45-5519,C-23-1-238,Female,Sunglasses,Fashion_accessories,43,4,8.6,180.6,25/1/2023,AYA Pay
821-14-9046,C-23-1-239,Female,Coffee,Food_and_beverages,17.48,6,5.244,110.124,20/1/2023,AYA Pay
418-05-0656,C-23-1-240,Female,Lip Balm,Health_and_beauty,25.56,7,8.946,187.866,26/1/2023,KBZ Pay
776-68-1096,C-23-1-241,Male,Cookies,Food_and_beverages,44.12,3,6.618,138.978,4/1/2023,Wave Pay
434-35-9162,C-23-1-242,Male,Tea,Food_and_beverages,23.34,4,4.668,98.028,11/1/2023,Wave Pay
174-64-0215,C-23-1-243,Male,Tea,Food_and_beverages,69.74,10,34.87,732.27,16/1/2023,CB Pay
299-29-0180,C-23-1-244,Female,Chips,Food_and_beverages,52.18,7,18.263,383.523,27/1/2023,Wave Pay
438-23-1242,C-23-1-245,Male,Lip Balm,Health_and_beauty,75.88,7,26.558,557.718,1/1/2023,Wave Pay
238-45-6950,C-23-1-246,Male,Earphones,Electronic_accessories,53.72,1,2.686,56.406,23/1/2023,AYA Pay
197-77-7132,C-23-1-247,Male,Sunglasses,Fashion_accessories,91.56,8,36.624,769.104,23/1/2023,AYA Pay
457-13-1708,C-23-1-248,Male,Water Bottle,Sports_and_travel,65.23,10,32.615,684.915,16/1/2023,AYA Pay
487-79-6868,C-23-1-249,Female,Table Lamp,Home_and_lifestyle,12.29,9,5.5305,116.1405,17/1/2023,Card
210-30-7976,C-23-1-250,Female,Gym Towel,Sports_and_travel,22.32,4,4.464,93.744,1/1/2023,Card
775-72-1988,C-23-1-251,Male,Gym Towel,Sports_and_travel,73.28,5,18.32,384.72,1/1/2023,KBZ Pay
785-96-0615,C-23-1-252,Female,Earphones,Electronic_accessories,35.74,8,14.296,300.216,16/1/2023,AYA Pay
842-40-8179,C-23-1-253,Female,Picture Frame,Home_and_lifestyle,77.2,10,38.6,810.6,24/1/2023,CB Pay
525-09-8450,C-23-1-254,Male,Gym Towel,Sports_and_travel,72.13,10,36.065,757.365,23/1/2023,Cash
593-14-4239,C-23-1-255,Female,Running Shoes,Sports_and_travel,95.46,8,38.184,801.864,9/1/2023,Card
388-76-2555,C-23-1-256,Male,Yoga Mat,Sports_and_travel,13.69,6,4.107,86.247,2/1/2023,Cash
711-31-1234,C-23-1-257,Female,Cushion,Home_and_lifestyle,95.64,4,19.128,401.688,19/1/2023,Cash
707-32-7409,C-23-1-258,Female,Table Lamp,Home_and_lifestyle,95.54,4,19.108,401.268,24/1/2023,Cash
120-54-2248,C-23-1-259,Female,Bracelet,Fashion_accessories,28.86,5,7.215,151.515,31/1/2023,Card
875-31-8302,C-23-1-260,Male,Watch,Fashion_accessories,93.38,1,4.669,98.049,6/1/2023,AYA Pay
457-94-0464,C-23-1-261,Male,Body Lotion,Health_and_beauty,87.87,9,39.5415,830.3715,13/1/2023,Wave Pay
744-16-7898,C-23-1-262,Female,Table Lamp,Home_and_lifestyle,97.37,10,48.685,1022.385,23/1/2023,Wave Pay
605-83-1050,C-23-1-263,Male,Picture Frame,Home_and_lifestyle,27.18,2,2.718,57.078,27/1/2023,CB Pay
359-94-5395,C-23-1-264,Male,Face Wash,Health_and_beauty,92.78,1,4.639,97.419,8/1/2023,Cash
751-15-6198,C-23-1-265,Male,Chips,Food_and_beverages,23.01,6,6.903,144.963,15/1/2023,Card
831-81-6575,C-23-1-266,Female,Chips,Food_and_beverages,75.59,9,34.0155,714.3255,13/1/2023,Wave Pay
559-61-5987,C-23-1-267,Female,Juice,Food_and_beverages,17.75,1,0.8875,18.6375,29/1/2023,Card
565-91-4567,C-23-1-268,Male,Lip Balm,Health_and_beauty,10.75,8,4.3,90.3,18/1/2023,Wave Pay
499-27-7781,C-23-1-269,Female,Face Wash,Health_and_beauty,53.21,8,21.284,446.964,17/1/2023,Cash
869-11-3082,C-23-1-270,Male,Watch,Fashion_accessories,96.16,4,19.232,403.872,30/1/2023,Cash
190-59-3964,C-23-1-271,Male,Sunscreen,Health_and_beauty,47.16,5,11.79,247.59,17/1/2023,AYA Pay
366-43-6862,C-23-1-272,Male,Chips,Food_and_beverages,52.89,4,10.578,222.138,29/1/2023,Wave Pay
109-86-4363,C-23-1-273,Female,Coffee,Food_and_beverages,60.08,7,21.028,441.588,5/1/2023,CB Pay
222-42-0244,C-23-1-274,Female,Hat,Fashion_accessories,72.11,9,32.4495,681.4395,11/1/2023,Wave Pay
636-17-0325,C-23-1-275,Male,Gym Towel,Sports_and_travel,62.57,4,12.514,262.794,30/1/2023,AYA Pay
343-75-9322,C-23-1-276,Female,Scarf,Fashion_accessories,11.85,8,4.74,99.54,7/1/2023,KBZ Pay
427-45-9297,C-23-1-277,Female,Chips,Food_and_beverages,40.73,7,14.2555,299.3655,31/1/2023,AYA Pay
670-71-7306,C-23-1-278,Male,Running Shoes,Sports_and_travel,44.63,6,13.389,281.169,8/1/2023,Card
291-59-1384,C-23-1-279,Male,Bracelet,Fashion_accessories,60.3,1,3.015,63.315,19/1/2023,KBZ Pay
866-70-2814,C-23-1-280,Female,Phone Case,Electronic_accessories,52.79,10,26.395,554.295,19/1/2023,CB Pay
895-03-6665,C-23-1-281,Female,Cushion,Home_and_lifestyle,36.51,9,16.4295,345.0195,9/1/2023,Wave Pay
770-42-8960,C-23-1-282,Male,Running Shoes,Sports_and_travel,21.12,8,8.448,177.408,26/1/2023,Card
234-36-2483,C-23-1-283,Male,Yoga Mat,Sports_and_travel,57.59,6,17.277,362.817,2/1/2023,Card
152-03-4217,C-23-1-284,Female,Hat,Fashion_accessories,11.28,9,5.076,106.596,27/1/2023,CB Pay
533-66-5566,C-23-1-285,Female,Sunglasses,Fashion_accessories,51.07,7,17.8745,375.3645,30/1/2023,KBZ Pay
361-59-0574,C-23-1-286,Male,Coffee,Food_and_beverages,90.53,8,36.212,760.452,8/1/2023,Card
544-55-9589,C-23-1-287,Female,Tea,Food_and_beverages,21.43,10,10.715,225.015,25/1/2023,Card
608-05-3804,C-23-1-288,Male,Shampoo,Health_and_beauty,39.75,1,1.9875,41.7375,24/1/2023,Card
761-49-0439,C-23-1-289,Female,Chips,Food_and_beverages,12.1,8,4.84,101.64,31/1/2023,CB Pay
490-95-0021,C-23-1-290,Female,Charger,Electronic_accessories,33.21,10,16.605,348.705,11/1/2023,CB Pay
311-13-6971,C-23-1-291,Male,Gym Towel,Sports_and_travel,31.99,10,15.995,335.895,29/1/2023,Wave Pay
114-35-5271,C-23-1-292,Female,Phone Case,Electronic_accessories,57.91,8,23.164,486.444,31/1/2023,CB Pay
715-20-1673,C-23-1-293,Male,Coffee,Food_and_beverages,28.38,5,7.095,148.995,15/1/2023,Wave Pay
811-35-1094,C-23-1-294,Male,Chips,Food_and_beverages,50.45,6,15.135,317.835,30/1/2023,Wave Pay
699-88-1972,C-23-1-295,Male,Bracelet,Fashion_accessories,99.16,8,39.664,832.944,13/1/2023,AYA Pay
509-10-0516,C-23-1-296,Male,Sunglasses,Fashion_accessories,45.97,4,9.194,193.074,19/1/2023,Cash
851-98-3555,C-23-1-297,Female,Juice,Food_and_beverages,82.88,5,20.72,435.12,23/1/2023,CB Pay
624-01-8356,C-23-1-298,Female,Charger,Electronic_accessories,49.01,10,24.505,514.605,21/1/2023,Cash
313-66-9943,C-23-1-299,Female,Table Lamp,Home_and_lifestyle,29.15,3,4.3725,91.8225,5/1/2023,Card
777-67-2495,C-23-1-300,Male,USB Cable,Electronic_accessories,68.97,3,10.3455,217.2555,5/1/2023,Wave Pay
636-98-3364,C-23-1-301,Female,Running Shoes,Sports_and_travel,26.26,3,3.939,82.719,20/1/2023,Wave Pay
181-82-6255,C-23-1-302,Female,Earphones,Electronic_accessories,16.37,6,4.911,103.131,8/1/2023,KBZ Pay
226-34-0034,C-23-1-303,Female,Backpack,Sports_and_travel,13.78,4,2.756,57.876,28/1/2023,CB Pay
321-49-7382,C-23-1-304,Male,Bracelet,Fashion_accessories,88.31,1,4.4155,92.7255,30/1/2023,AYA Pay
431-66-2305,C-23-1-305,Female,Gym Towel,Sports_and_travel,88.25,9,39.7125,833.9625,15/1/2023,Card
825-94-5922,C-23-1-306,Male,Sunglasses,Fashion_accessories,25.31,2,2.531,53.151,16/1/2023,AYA Pay
641-62-7288,C-23-1-307,Male,Gym Towel,Sports_and_travel,99.92,6,29.976,629.496,15/1/2023,CB Pay
501-61-1753,C-23-1-308,Female,Running Shoes,Sports_and_travel,63.15,6,18.945,397.845,17/1/2023,Card
676-10-2200,C-23-1-309,Male,Cushion,Home_and_lifestyle,53.78,1,2.689,56.469,24/1/2023,Card
365-16-4334,C-23-1-310,Female,Candles,Home_and_lifestyle,26.43,8,10.572,222.012,24/1/2023,Cash
503-21-4385,C-23-1-311,Male,Water Bottle,Sports_and_travel,39.91,3,5.9865,125.7165,12/1/2023,Wave Pay
305-89-2768,C-23-1-312,Female,Sunscreen,Health_and_beauty,21.9,3,3.285,68.985,6/1/2023,KBZ Pay
574-80-1489,C-23-1-313,Female,Earphones,Electronic_accessories,62.85,4,12.57,263.97,16/1/2023,CB Pay
200-40-6154,C-23-1-314,Male,Cookies,Food_and_beverages,65.91,6,19.773,415.233,30/1/2023,Wave Pay
430-02-3888,C-23-1-315,Male,Running Shoes,Sports_and_travel,46.02,6,13.806,289.926,27/1/2023,Cash
794-42-3736,C-23-1-316,Male,Face Wash,Health_and_beauty,33.33,2,3.333,69.993,2/1/2023,Wave Pay
172-42-8274,C-23-1-317,Female,Chips,Food_and_beverages,38.27,2,3.827,80.367,5/1/2023,KBZ Pay
214-30-2776,C-23-1-318,Female,Wall Clock,Home_and_lifestyle,34.49,5,8.6225,181.0725,21/1/2023,CB Pay
746-04-1077,C-23-1-319,Female,Sunscreen,Health_and_beauty,84.63,10,42.315,888.615,17/1/2023,Wave Pay
448-34-8700,C-23-1-320,Male,Sunglasses,Fashion_accessories,36.91,7,12.9185,271.2885,26/1/2023,AYA Pay
452-04-8808,C-23-1-321,Male,Sunglasses,Fashion_accessories,87.08,7,30.478,640.038,18/1/2023,KBZ Pay
883-69-1285,C-23-1-322,Male,USB Cable,Electronic_accessories,49.92,2,4.992,104.832,7/1/2023,CB Pay
518-71-6847,C-23-1-323,Male,Cookies,Food_and_beverages,26.6,6,7.98,167.58,18/1/2023,Cash
156-20-0370,C-23-1-324,Female,Watch,Fashion_accessories,25.45,1,1.2725,26.7225,22/1/2023,Wave Pay
151-33-7434,C-23-1-325,Female,Chips,Food_and_beverages,67.77,1,3.3885,71.1585,10/1/2023,Wave Pay
374-38-5555,C-23-1-326,Female,Scarf,Fashion_accessories,63.71,5,15.9275,334.4775,31/1/2023,KBZ Pay
764-44-8999,C-23-1-327,Female,Running Shoes,Sports_and_travel,14.76,2,1.476,30.996,11/1/2023,AYA Pay
552-44-5977,C-23-1-328,Male,USB Cable,Electronic_accessories,62,8,24.8,520.8,3/1/2023,Card
430-53-4718,C-23-1-329,Male,USB Cable,Electronic_accessories,75.37,8,30.148,633.108,9/1/2023,Card
602-16-6955,C-23-1-330,Female,Face Wash,Health_and_beauty,76.6,10,38.3,804.3,25/1/2023,Cash
690-01-6631,C-23-1-331,Male,Sunglasses,Fashion_accessories,17.49,10,8.745,183.645,18/1/2023,Cash
303-96-2227,C-23-1-332,Female,Shampoo,Health_and_beauty,97.38,10,48.69,1022.49,22/1/2023,Cash
226-31-3081,C-23-1-333,Female,Cushion,Home_and_lifestyle,15.28,5,3.82,80.22,20/1/2023,Card
699-14-3026,C-23-1-334,Male,Cookies,Food_and_beverages,85.39,7,29.8865,627.6165,31/1/2023,AYA Pay
315-22-5665,C-23-1-335,Female,Hat,Fashion_accessories,73.56,10,36.78,772.38,29/1/2023,CB Pay
300-71-4605,C-23-1-336,Male,Wall Clock,Home_and_lifestyle,86.04,5,21.51,451.71,20/1/2023,AYA Pay
183-56-6882,C-23-1-337,Female,Power Bank,Electronic_accessories,99.42,4,19.884,417.564,31/1/2023,KBZ Pay
232-16-2483,C-23-1-338,Female,Power Bank,Electronic_accessories,68.12,1,3.406,71.526,4/1/2023,Cash
333-73-7901,C-23-1-339,Female,Picture Frame,Home_and_lifestyle,54.92,8,21.968,461.328,16/1/2023,AYA Pay
554-53-8700,C-23-1-340,Male,Hat,Fashion_accessories,56.11,2,5.611,117.831,27/1/2023,KBZ Pay
228-96-1411,C-23-1-341,Female,Running Shoes,Sports_and_travel,98.7,8,39.48,829.08,17/1/2023,AYA Pay
617-15-4209,C-23-1-342,Male,Sunscreen,Health_and_beauty,15.37,2,1.537,32.277,4/1/2023,Card
574-22-5561,C-23-1-343,Female,Cushion,Home_and_lifestyle,82.63,10,41.315,867.615,22/1/2023,Wave Pay
326-78-5178,C-23-1-344,Male,Power Bank,Electronic_accessories,91.4,7,31.99,671.79,29/1/2023,Cash
778-71-5554,C-23-1-345,Male,USB Cable,Electronic_accessories,15.43,1,0.7715,16.2015,15/1/2023,KBZ Pay
399-46-5918,C-23-1-346,Female,Yoga Mat,Sports_and_travel,85.98,8,34.392,722.232,11/1/2023,AYA Pay
120-06-4233,C-23-1-347,Male,Sunscreen,Health_and_beauty,30.61,6,9.183,192.843,6/1/2023,Wave Pay
285-68-5083,C-23-1-348,Female,Face Wash,Health_and_beauty,24.74,3,3.711,77.931,31/1/2023,Card
803-83-5989,C-23-1-349,Male,Earphones,Electronic_accessories,55.73,6,16.719,351.099,30/1/2023,Card
838-78-4295,C-23-1-350,Female,USB Cable,Electronic_accessories,33.47,2,3.347,70.287,6/1/2023,Wave Pay
393-65-2792,C-23-1-351,Male,Water Bottle,Sports_and_travel,89.48,10,44.74,939.54,16/1/2023,AYA Pay
796-12-2025,C-23-1-352,Male,Water Bottle,Sports_and_travel,62.12,10,31.06,652.26,1/1/2023,Wave Pay
841-35-6630,C-23-1-353,Female,Backpack,Sports_and_travel,75.91,6,22.773,478.233,23/1/2023,Card
732-94-0499,C-23-1-354,Female,Cushion,Home_and_lifestyle,41.65,10,20.825,437.325,19/1/2023,Cash
263-10-3913,C-23-1-355,Male,Body Lotion,Health_and_beauty,49.04,9,22.068,463.428,7/1/2023,Card
829-49-1914,C-23-1-356,Female,Coffee,Food_and_beverages,78.31,10,39.155,822.255,19/1/2023,Wave Pay
756-01-7507,C-23-1-357,Female,Water Bottle,Sports_and_travel,20.38,5,5.095,106.995,29/1/2023,KBZ Pay
870-72-4431,C-23-1-358,Female,Phone Case,Electronic_accessories,99.19,6,29.757,624.897,30/1/2023,CB Pay
480-63-2856,C-23-1-359,Male,Water Bottle,Sports_and_travel,19.25,8,7.7,161.7,17/1/2023,Card
787-56-0757,C-23-1-360,Female,Juice,Food_and_beverages,80.36,4,16.072,337.512,5/1/2023,KBZ Pay
360-39-5055,C-23-1-361,Male,Backpack,Sports_and_travel,48.91,5,12.2275,256.7775,8/1/2023,Card
730-50-9884,C-23-1-362,Female,Cookies,Food_and_beverages,83.06,7,29.071,610.491,17/1/2023,Card
362-58-8315,C-23-1-363,Male,Scarf,Fashion_accessories,76.52,5,19.13,401.73,5/1/2023,KBZ Pay
565-80-5980,C-23-1-364,Female,Watch,Fashion_accessories,47.38,4,9.476,198.996,28/1/2023,CB Pay
225-32-0908,C-23-1-365,Female,Chips,Food_and_beverages,44.86,10,22.43,471.03,7/1/2023,KBZ Pay
512-91-0811,C-23-1-366,Male,Scarf,Fashion_accessories,89.75,1,4.4875,94.2375,6/1/2023,CB Pay
871-39-9221,C-23-1-367,Female,Tea,Food_and_beverages,12.45,6,3.735,78.435,6/1/2023,KBZ Pay
163-56-7055,C-23-1-368,Male,Watch,Fashion_accessories,48.71,1,2.4355,51.1455,1/1/2023,AYA Pay
189-98-2939,C-23-1-369,Male,Picture Frame,Home_and_lifestyle,78.55,9,35.3475,742.2975,18/1/2023,KBZ Pay
551-21-3069,C-23-1-370,Female,Body Lotion,Health_and_beauty,23.07,9,10.3815,218.0115,29/1/2023,AYA Pay
628-34-3388,C-23-1-371,Male,Face Wash,Health_and_beauty,27.38,6,8.214,172.494,11/1/2023,CB Pay
588-01-7461,C-23-1-372,Female,Watch,Fashion_accessories,33.98,9,15.291,321.111,20/1/2023,Card
861-77-0145,C-23-1-373,Male,Running Shoes,Sports_and_travel,81.97,10,40.985,860.685,25/1/2023,CB Pay
210-67-5886,C-23-1-374,Female,Body Lotion,Health_and_beauty,98.21,3,14.7315,309.3615,7/1/2023,CB Pay
237-01-6122,C-23-1-375,Female,Coffee,Food_and_beverages,80.79,9,36.3555,763.4655,12/1/2023,AYA Pay
225-98-1496,C-23-1-376,Female,Bracelet,Fashion_accessories,27.02,3,4.053,85.113,28/1/2023,Card
659-36-1684,C-23-1-377,Male,Yoga Mat,Sports_and_travel,57.12,7,19.992,419.832,18/1/2023,Cash
336-78-2147,C-23-1-378,Male,Gym Towel,Sports_and_travel,63.91,8,25.564,536.844,2/1/2023,Card
189-08-9157,C-23-1-379,Female,Juice,Food_and_beverages,31.73,9,14.2785,299.8485,26/1/2023,Wave Pay
663-86-9076,C-23-1-380,Female,Water Bottle,Sports_and_travel,68.54,8,27.416,575.736,1/1/2023,Cash
483-71-1164,C-23-1-381,Female,Water Bottle,Sports_and_travel,81.3,6,24.39,512.19,29/1/2023,Wave Pay
597-78-7908,C-23-1-382,Male,Wall Clock,Home_and_lifestyle,90.22,3,13.533,284.193,13/1/2023,Wave Pay
731-81-9469,C-23-1-383,Female,Cushion,Home_and_lifestyle,89.8,10,44.9,942.9,4/1/2023,Card
280-17-4359,C-23-1-384,Male,Lip Balm,Health_and_beauty,90.5,10,45.25,950.25,7/1/2023,CB Pay
338-65-2210,C-23-1-385,Female,Phone Case,Electronic_accessories,68.6,10,34.3,720.3,22/1/2023,Card
488-25-4221,C-23-1-386,Female,Cookies,Food_and_beverages,30.41,1,1.5205,31.9305,31/1/2023,Wave Pay
458-41-1477,C-23-1-387,Female,Phone Case,Electronic_accessories,46.26,6,13.878,291.438,25/1/2023,KBZ Pay
568-90-5112,C-23-1-388,Male,Candles,Home_and_lifestyle,66.14,4,13.228,277.788,20/1/2023,Cash
584-86-7256,C-23-1-389,Male,Wall Clock,Home_and_lifestyle,34.56,7,12.096,254.016,3/1/2023,Wave Pay
214-17-6927,C-23-1-390,Female,Cookies,Food_and_beverages,16.48,6,4.944,103.824,24/1/2023,Cash
400-89-4171,C-23-1-391,Female,Running Shoes,Sports_and_travel,80.97,8,32.388,680.148,25/1/2023,Wave Pay
894-41-5205,C-23-1-392,Female,USB Cable,Electronic_accessories,43.18,8,17.272,362.712,22/1/2023,AYA Pay
423-80-0988,C-23-1-393,Male,Face Wash,Health_and_beauty,76.4,2,7.64,160.44,18/1/2023,Cash
234-65-2137,C-23-1-394,Male,Coffee,Food_and_beverages,95.58,10,47.79,1003.59,4/1/2023,Cash
733-33-4967,C-23-1-395,Male,Candles,Home_and_lifestyle,20.85,8,8.34,175.14,19/1/2023,Cash
139-52-2867,C-23-1-396,Female,Juice,Food_and_beverages,22.51,7,7.8785,165.4485,13/1/2023,Cash
342-65-4817,C-23-1-397,Male,Sunscreen,Health_and_beauty,86.8,3,13.02,273.42,30/1/2023,AYA Pay
130-98-8941,C-23-1-398,Male,USB Cable,Electronic_accessories,64.26,7,22.491,472.311,21/1/2023,AYA Pay
434-83-9547,C-23-1-399,Male,Table Lamp,Home_and_lifestyle,38.47,8,15.388,323.148,20/1/2023,AYA Pay
824-88-3614,C-23-1-400,Male,Wall Clock,Home_and_lifestyle,34.31,8,13.724,288.204,13/1/2023,Card
593-65-1552,C-23-1-401,Female,Power Bank,Electronic_accessories,69.81,4,13.962,293.202,22/1/2023,KBZ Pay
286-43-6208,C-23-1-402,Female,Backpack,Sports_and_travel,87.8,9,39.51,829.71,7/1/2023,Cash
556-86-3144,C-23-1-403,Female,Cushion,Home_and_lifestyle,74.29,1,3.7145,78.0045,3/1/2023,Cash
848-24-9445,C-23-1-404,Male,Shampoo,Health_and_beauty,43.7,2,4.37,91.77,24/1/2023,Card
699-01-4164,C-23-1-405,Male,Bracelet,Fashion_accessories,41.5,4,8.3,174.3,29/1/2023,KBZ Pay
420-11-4919,C-23-1-406,Female,Sunglasses,Fashion_accessories,71.39,5,17.8475,374.7975,16/1/2023,Cash
606-80-4905,C-23-1-407,Female,Gym Towel,Sports_and_travel,19.15,6,5.745,120.645,2/1/2023,CB Pay
426-39-2418,C-23-1-408,Male,Tea,Food_and_beverages,61.41,7,21.4935,451.3635,24/1/2023,Cash
672-51-8681,C-23-1-409,Female,Tea,Food_and_beverages,66.65,9,29.9925,629.8425,18/1/2023,AYA Pay
263-87-5680,C-23-1-410,Female,Face Wash,Health_and_beauty,28.53,10,14.265,299.565,27/1/2023,Wave Pay
677-11-0152,C-23-1-411,Female,Shampoo,Health_and_beauty,93.26,9,41.967,881.307,31/1/2023,KBZ Pay
389-25-3394,C-23-1-412,Male,Running Shoes,Sports_and_travel,11.81,5,2.9525,62.0025,9/1/2023,Cash
279-62-1445,C-23-1-413,Female,Shampoo,Health_and_beauty,12.54,1,0.627,13.167,1/1/2023,AYA Pay
746-68-6593,C-23-1-414,Female,Yoga Mat,Sports_and_travel,87.16,2,8.716,183.036,27/1/2023,Card
583-72-1480,C-23-1-415,Male,Water Bottle,Sports_and_travel,37.06,4,7.412,155.652,25/1/2023,KBZ Pay
211-30-9270,C-23-1-416,Male,Running Shoes,Sports_and_travel,17.41,5,4.3525,91.4025,31/1/2023,CB Pay
755-12-3214,C-23-1-417,Female,Table Lamp,Home_and_lifestyle,44.22,5,11.055,232.155,12/1/2023,Cash
142-72-4741,C-23-1-418,Male,Picture Frame,Home_and_lifestyle,93.2,2,9.32,195.72,28/1/2023,Cash
662-47-5456,C-23-1-419,Male,Watch,Fashion_accessories,35.19,10,17.595,369.495,25/1/2023,CB Pay
883-17-4236,C-23-1-420,Female,Shampoo,Health_and_beauty,14.39,2,1.439,30.219,25/1/2023,Wave Pay
380-94-4661,C-23-1-421,Male,Tea,Food_and_beverages,65.94,4,13.188,276.948,13/1/2023,KBZ Pay
821-07-3596,C-23-1-422,Female,Sunglasses,Fashion_accessories,16.45,4,3.29,69.09,10/1/2023,Wave Pay
808-65-0703,C-23-1-423,Male,Hat,Fashion_accessories,35.47,4,7.094,148.974,23/1/2023,Cash
687-15-1097,C-23-1-424,Female,Scarf,Fashion_accessories,21.12,2,2.112,44.352,28/1/2023,Cash
526-86-8552,C-23-1-425,Female,Power Bank,Electronic_accessories,21.82,10,10.91,229.11,30/1/2023,Card
376-56-3573,C-23-1-426,Female,Table Lamp,Home_and_lifestyle,95.42,4,19.084,400.764,19/1/2023,Cash
537-72-0426,C-23-1-427,Male,Scarf,Fashion_accessories,70.99,10,35.495,745.395,6/1/2023,CB Pay
523-38-0215,C-23-1-428,Male,Yoga Mat,Sports_and_travel,37,1,1.85,38.85,10/1/2023,Card
593-95-4461,C-23-1-429,Male,Body Lotion,Health_and_beauty,74.86,1,3.743,78.603,13/1/2023,Cash
226-71-3580,C-23-1-430,Female,Hat,Fashion_accessories,23.75,9,10.6875,224.4375,23/1/2023,Wave Pay
558-80-4082,C-23-1-431,Male,Face Wash,Health_and_beauty,27.85,7,9.7475,204.6975,8/1/2023,Card
211-05-0490,C-23-1-432,Female,USB Cable,Electronic_accessories,51.92,5,12.98,272.58,25/1/2023,AYA Pay
727-75-6477,C-23-1-433,Male,Sunscreen,Health_and_beauty,28.84,4,5.768,121.128,13/1/2023,KBZ Pay
779-06-0012,C-23-1-434,Female,Lip Balm,Health_and_beauty,88.61,1,4.4305,93.0405,22/1/2023,Card
446-47-6729,C-23-1-435,Male,Earphones,Electronic_accessories,99.82,2,9.982,209.622,1/1/2023,CB Pay
735-06-4124,C-23-1-436,Male,Wall Clock,Home_and_lifestyle,48.61,1,2.4305,51.0405,28/1/2023,CB Pay
181-94-6432,C-23-1-437,Male,Face Wash,Health_and_beauty,69.33,2,6.933,145.593,23/1/2023,Cash
227-07-4446,C-23-1-438,Female,Earphones,Electronic_accessories,78.13,10,39.065,820.365,29/1/2023,AYA Pay
174-36-3675,C-23-1-439,Male,Juice,Food_and_beverages,99.37,2,9.937,208.677,16/1/2023,KBZ Pay
428-83-5800,C-23-1-440,Female,Water Bottle,Sports_and_travel,21.08,3,3.162,66.402,4/1/2023,Card
603-07-0961,C-23-1-441,Male,Chips,Food_and_beverages,74.79,5,18.6975,392.6475,23/1/2023,Cash
704-20-4138,C-23-1-442,Female,Bracelet,Fashion_accessories,29.67,7,10.3845,218.0745,22/1/2023,Card
787-15-1757,C-23-1-443,Male,Yoga Mat,Sports_and_travel,44.07,4,8.814,185.094,29/1/2023,Cash
649-11-3678,C-23-1-444,Female,Candles,Home_and_lifestyle,22.93,9,10.3185,216.6885,7/1/2023,Cash
622-20-1945,C-23-1-445,Female,Yoga Mat,Sports_and_travel,39.42,1,1.971,41.391,9/1/2023,Card
719-76-3868,C-23-1-446,Male,Wall Clock,Home_and_lifestyle,94.26,4,18.852,395.892,25/1/2023,Wave Pay
835-16-0096,C-23-1-447,Male,Chips,Food_and_beverages,14.7,5,3.675,77.175,15/1/2023,CB Pay
633-09-3463,C-23-1-448,Female,Candles,Home_and_lifestyle,47.65,3,7.1475,150.0975,21/1/2023,CB Pay
416-13-5917,C-23-1-449,Female,Sunglasses,Fashion_accessories,97.03,5,24.2575,509.4075,6/1/2023,KBZ Pay
725-96-3778,C-23-1-450,Female,Tea,Food_and_beverages,89.25,8,35.7,749.7,4/1/2023,AYA Pay
860-79-0874,C-23-1-451,Female,USB Cable,Electronic_accessories,99.3,10,49.65,1042.65,6/1/2023,KBZ Pay
320-49-6392,C-23-1-452,Female,Chips,Food_and_beverages,30.24,1,1.512,31.752,7/1/2023,Card
632-90-0281,C-23-1-453,Female,Cookies,Food_and_beverages,37.55,10,18.775,394.275,3/1/2023,KBZ Pay
554-42-2417,C-23-1-454,Female,Bracelet,Fashion_accessories,95.44,10,47.72,1002.12,13/1/2023,CB Pay
605-72-4132,C-23-1-455,Female,Lip Balm,Health_and_beauty,94.47,8,37.788,793.548,26/1/2023,CB Pay
471-41-2823,C-23-1-456,Male,Body Lotion,Health_and_beauty,99.79,2,9.979,209.559,4/1/2023,KBZ Pay
272-27-9238,C-23-1-457,Female,USB Cable,Electronic_accessories,41.24,4,8.248,173.208,14/1/2023,Wave Pay
834-25-9262,C-23-1-458,Female,Scarf,Fashion_accessories,81.68,4,16.336,343.056,11/1/2023,Cash
122-61-9553,C-23-1-459,Female,Gym Towel,Sports_and_travel,51.32,9,23.094,484.974,25/1/2023,KBZ Pay
613-59-9758,C-23-1-460,Female,Lip Balm,Health_and_beauty,14.36,10,7.18,150.78,20/1/2023,AYA Pay
730-70-9830,C-23-1-461,Female,Scarf,Fashion_accessories,70.11,6,21.033,441.693,10/1/2023,Cash
382-25-8917,C-23-1-462,Male,Cushion,Home_and_lifestyle,42.08,6,12.624,265.104,20/1/2023,KBZ Pay
743-88-1662,C-23-1-463,Male,Earphones,Electronic_accessories,95.49,7,33.4215,701.8515,9/1/2023,CB Pay
595-86-2894,C-23-1-464,Male,Yoga Mat,Sports_and_travel,96.98,4,19.396,407.316,6/1/2023,Wave Pay
462-78-5240,C-23-1-465,Female,Picture Frame,Home_and_lifestyle,26.61,2,2.661,55.881,31/1/2023,AYA Pay
153-58-4872,C-23-1-466,Female,Cookies,Food_and_beverages,74.89,4,14.978,314.538,30/1/2023,Cash
689-16-9784,C-23-1-467,Male,Cookies,Food_and_beverages,46.77,6,14.031,294.651,5/1/2023,Wave Pay
394-41-0748,C-23-1-468,Female,Phone Case,Electronic_accessories,54.07,9,24.3315,510.9615,4/1/2023,AYA Pay
541-89-9860,C-23-1-469,Female,Sunscreen,Health_and_beauty,80.48,3,12.072,253.512,24/1/2023,Cash
110-05-6330,C-23-1-470,Female,Cookies,Food_and_beverages,39.43,6,11.829,248.409,14/1/2023,CB Pay
651-61-0874,C-23-1-471,Male,Lip Balm,Health_and_beauty,46.22,4,9.244,194.124,12/1/2023,KBZ Pay
236-86-3015,C-23-1-472,Male,Chips,Food_and_beverages,13.98,1,0.699,14.679,14/1/2023,KBZ Pay
587-03-7455,C-23-1-473,Female,Picture Frame,Home_and_lifestyle,97.79,7,34.2265,718.7565,11/1/2023,Card
372-26-1506,C-23-1-474,Female,Sunscreen,Health_and_beauty,23.82,5,5.955,125.055,20/1/2023,Card
750-57-9686,C-23-1-475,Female,Chips,Food_and_beverages,45.38,4,9.076,190.596,6/1/2023,Cash
186-09-3669,C-23-1-476,Female,Running Shoes,Sports_and_travel,81.51,1,4.0755,85.5855,10/1/2023,AYA Pay
266-76-6436,C-23-1-477,Female,Candles,Home_and_lifestyle,38.6,3,5.79,121.59,31/1/2023,KBZ Pay
740-22-2500,C-23-1-478,Female,Sunscreen,Health_and_beauty,84.05,3,12.6075,264.7575,21/1/2023,CB Pay
271-88-8734,C-23-1-479,Female,Table Lamp,Home_and_lifestyle,97.21,10,48.605,1020.705,16/1/2023,KBZ Pay
489-64-4354,C-23-1-480,Male,Sunscreen,Health_and_beauty,16.28,1,0.814,17.094,29/1/2023,AYA Pay
574-57-9721,C-23-1-481,Male,Candles,Home_and_lifestyle,43.27,2,4.327,90.867,18/1/2023,Card
751-69-0068,C-23-1-482,Male,Candles,Home_and_lifestyle,99.24,9,44.658,937.818,10/1/2023,Wave Pay
257-73-1380,C-23-1-483,Male,Wall Clock,Home_and_lifestyle,82.93,4,16.586,348.306,31/1/2023,CB Pay
549-96-4200,C-23-1-484,Male,Lip Balm,Health_and_beauty,17.04,4,3.408,71.568,25/1/2023,Card
810-60-6344,C-23-1-485,Female,Tea,Food_and_beverages,40.86,8,16.344,343.224,15/1/2023,CB Pay
450-28-2866,C-23-1-486,Male,Tea,Food_and_beverages,17.44,5,4.36,91.56,4/1/2023,KBZ Pay
192-98-7397,C-23-1-487,Male,Phone Case,Electronic_accessories,12.78,1,0.639,13.419,14/1/2023,Wave Pay
235-46-8343,C-23-1-488,Male,Scarf,Fashion_accessories,27.66,10,13.83,290.43,6/1/2023,Cash
453-12-7053,C-23-1-489,Male,Earphones,Electronic_accessories,45.74,3,6.861,144.081,31/1/2023,Wave Pay
325-90-8763,C-23-1-490,Female,Lip Balm,Health_and_beauty,46.57,10,23.285,488.985,8/1/2023,Wave Pay
729-46-7422,C-23-1-491,Male,Candles,Home_and_lifestyle,35.89,1,1.7945,37.6845,9/1/2023,AYA Pay
639-76-1242,C-23-1-492,Male,Picture Frame,Home_and_lifestyle,40.52,5,10.13,212.73,9/1/2023,Card
326-71-2155,C-23-1-493,Female,Chips,Food_and_beverages,73.95,4,14.79,310.59,8/1/2023,KBZ Pay
320-32-8842,C-23-1-494,Female,Wall Clock,Home_and_lifestyle,22.62,1,1.131,23.751,6/1/2023,AYA Pay
878-30-2331,C-23-1-495,Female,Hat,Fashion_accessories,54.55,10,27.275,572.775,21/1/2023,CB Pay
440-59-5691,C-23-1-496,Female,Scarf,Fashion_accessories,37.15,7,13.0025,273.0525,20/1/2023,Card
746-19-0921,C-23-1-497,Male,Chips,Food_and_beverages,21.58,1,1.079,22.659,16/1/2023,CB Pay
233-34-0817,C-23-1-498,Female,Running Shoes,Sports_and_travel,98.84,1,4.942,103.782,8/1/2023,KBZ Pay
767-05-1286,C-23-1-499,Female,Water Bottle,Sports_and_travel,83.77,6,25.131,527.751,22/1/2023,Cash
598-47-9715,C-23-1-500,Male,Candles,Home_and_lifestyle,84.07,4,16.814,353.094,28/1/2023,Card
541-08-3113,C-23-1-501,Male,Water Bottle,Sports_and_travel,65.97,8,26.388,554.148,20/1/2023,KBZ Pay
246-11-3901,C-23-1-502,Female,Cookies,Food_and_beverages,32.8,10,16.4,344.4,4/1/2023,Wave Pay
493-65-6248,C-23-1-503,Female,Power Bank,Electronic_accessories,36.98,10,18.49,388.29,20/1/2023,AYA Pay
556-72-8512,C-23-1-504,Male,Watch,Fashion_accessories,22.96,1,1.148,24.108,3/1/2023,KBZ Pay
148-82-2527,C-23-1-505,Female,Charger,Electronic_accessories,12.12,10,6.06,127.26,2/1/2023,Wave Pay
556-97-7101,C-23-1-506,Female,Cushion,Home_and_lifestyle,63.22,2,6.322,132.762,10/1/2023,AYA Pay
862-59-8517,C-23-1-507,Female,Chips,Food_and_beverages,90.24,6,27.072,568.512,14/1/2023,Cash
573-98-8548,C-23-1-508,Female,Hat,Fashion_accessories,31.9,1,1.595,33.495,31/1/2023,KBZ Pay
620-02-2046,C-23-1-509,Male,Hat,Fashion_accessories,69.4,2,6.94,145.74,8/1/2023,KBZ Pay
602-80-9671,C-23-1-510,Female,Gym Towel,Sports_and_travel,15.95,6,4.785,100.485,24/1/2023,CB Pay
503-07-0930,C-23-1-511,Male,Coffee,Food_and_beverages,58.39,7,20.4365,429.1665,31/1/2023,AYA Pay
413-20-6708,C-23-1-512,Female,Charger,Electronic_accessories,51.47,1,2.5735,54.0435,31/1/2023,Card
521-18-7827,C-23-1-513,Male,Charger,Electronic_accessories,39.39,5,9.8475,206.7975,10/1/2023,CB Pay
600-38-9738,C-23-1-514,Male,Running Shoes,Sports_and_travel,71.92,5,17.98,377.58,8/1/2023,KBZ Pay
451-28-5717,C-23-1-515,Female,Power Bank,Electronic_accessories,83.17,6,24.951,523.971,24/1/2023,KBZ Pay
133-14-7229,C-23-1-516,Male,Charger,Electronic_accessories,62.87,2,6.287,132.027,30/1/2023,AYA Pay
236-27-1144,C-23-1-517,Female,Bracelet,Fashion_accessories,16.31,9,7.3395,154.1295,19/1/2023,Card
583-41-4548,C-23-1-518,Male,Body Lotion,Health_and_beauty,16.67,7,5.8345,122.5245,13/1/2023,Card
358-88-9262,C-23-1-519,Female,Yoga Mat,Sports_and_travel,87.48,6,26.244,551.124,23/1/2023,CB Pay
343-87-0864,C-23-1-520,Male,Chips,Food_and_beverages,75.88,1,3.794,79.674,26/1/2023,KBZ Pay
243-47-2663,C-23-1-521,Male,Sunscreen,Health_and_beauty,18.77,6,5.631,118.251,12/1/2023,Card
399-69-4630,C-23-1-522,Male,Picture Frame,Home_and_lifestyle,22.21,6,6.663,139.923,4/1/2023,Card
283-26-5248,C-23-1-523,Female,Lip Balm,Health_and_beauty,98.52,10,49.26,1034.46,28/1/2023,KBZ Pay
866-99-7614,C-23-1-524,Male,Yoga Mat,Sports_and_travel,89.2,10,44.6,936.6,28/1/2023,KBZ Pay
718-57-9773,C-23-1-525,Female,Chips,Food_and_beverages,49.33,10,24.665,517.965,7/1/2023,KBZ Pay
408-26-9866,C-23-1-526,Female,Earphones,Electronic_accessories,73.98,7,25.893,543.753,17/1/2023,AYA Pay
592-34-6155,C-23-1-527,Male,Watch,Fashion_accessories,31.77,4,6.354,133.434,23/1/2023,Wave Pay
390-31-6381,C-23-1-528,Male,Body Lotion,Health_and_beauty,27.22,3,4.083,85.743,13/1/2023,CB Pay
339-18-7061,C-23-1-529,Female,Water Bottle,Sports_and_travel,92.98,2,9.298,195.258,22/1/2023,Wave Pay
379-17-6588,C-23-1-530,Male,Bracelet,Fashion_accessories,59.61,10,29.805,625.905,14/1/2023,Cash
302-15-2162,C-23-1-531,Male,Sunscreen,Health_and_beauty,46.53,6,13.959,293.139,16/1/2023,Cash
788-07-8452,C-23-1-532,Female,Juice,Food_and_beverages,24.24,7,8.484,178.164,26/1/2023,Cash
123-35-4896,C-23-1-533,Female,Cushion,Home_and_lifestyle,46.66,9,20.997,440.937,31/1/2023,CB Pay
258-69-7810,C-23-1-534,Female,Table Lamp,Home_and_lifestyle,36.85,5,9.2125,193.4625,17/1/2023,CB Pay
219-61-4139,C-23-1-535,Male,Table Lamp,Home_and_lifestyle,83.08,1,4.154,87.234,31/1/2023,Cash
881-41-7302,C-23-1-536,Female,Watch,Fashion_accessories,64.99,1,3.2495,68.2395,4/1/2023,CB Pay
373-09-4567,C-23-1-537,Male,Shampoo,Health_and_beauty,77.56,10,38.78,814.38,15/1/2023,CB Pay
484-22-8230,C-23-1-538,Female,Body Lotion,Health_and_beauty,51.89,7,18.1615,381.3915,10/1/2023,AYA Pay
544-32-5024,C-23-1-539,Female,Watch,Fashion_accessories,49.79,4,9.958,209.118,12/1/2023,CB Pay
277-35-5865,C-23-1-540,Female,Cookies,Food_and_beverages,98.97,9,44.5365,935.2665,30/1/2023,Cash
284-54-4231,C-23-1-541,Male,Yoga Mat,Sports_and_travel,80.93,1,4.0465,84.9765,8/1/2023,Wave Pay
840-19-2096,C-23-1-542,Male,Chips,Food_and_beverages,87.91,5,21.9775,461.5275,6/1/2023,CB Pay
641-96-3695,C-23-1-543,Female,Earphones,Electronic_accessories,43.46,6,13.038,273.798,27/1/2023,Wave Pay
318-81-2368,C-23-1-544,Female,Shampoo,Health_and_beauty,46.2,1,2.31,48.51,27/1/2023,AYA Pay
155-45-3814,C-23-1-545,Female,Cushion,Home_and_lifestyle,88.55,8,35.42,743.82,14/1/2023,Card
131-15-8856,C-23-1-546,Female,Scarf,Fashion_accessories,72.52,8,29.008,609.168,16/1/2023,KBZ Pay
273-84-2164,C-23-1-547,Male,Watch,Fashion_accessories,12.05,5,3.0125,63.2625,1/1/2023,Card
778-89-7974,C-23-1-548,Male,Cushion,Home_and_lifestyle,70.21,6,21.063,442.323,6/1/2023,Cash
859-71-0933,C-23-1-549,Female,Sunglasses,Fashion_accessories,15.49,2,1.549,32.529,18/1/2023,Cash
740-11-5257,C-23-1-550,Male,USB Cable,Electronic_accessories,24.74,10,12.37,259.77,29/1/2023,Cash
250-81-7186,C-23-1-551,Female,Coffee,Food_and_beverages,99.69,1,4.9845,104.6745,11/1/2023,Card
842-29-4695,C-23-1-552,Male,Sunscreen,Health_and_beauty,17.14,7,5.999,125.979,9/1/2023,KBZ Pay
641-51-2661,C-23-1-553,Female,Backpack,Sports_and_travel,87.1,10,43.55,914.55,2/1/2023,Card
714-02-3114,C-23-1-554,Female,USB Cable,Electronic_accessories,98.8,2,9.88,207.48,25/1/2023,Wave Pay
408-66-6712,C-23-1-555,Female,Table Lamp,Home_and_lifestyle,47.71,6,14.313,300.573,6/1/2023,CB Pay
556-41-6224,C-23-1-556,Male,Shampoo,Health_and_beauty,33.64,8,13.456,282.576,26/1/2023,CB Pay
648-94-3045,C-23-1-557,Male,Running Shoes,Sports_and_travel,58.95,10,29.475,618.975,3/1/2023,AYA Pay
370-96-0655,C-23-1-558,Female,Earphones,Electronic_accessories,49.32,6,14.796,310.716,17/1/2023,AYA Pay
173-57-2300,C-23-1-559,Male,Hat,Fashion_accessories,72.88,2,7.288,153.048,16/1/2023,KBZ Pay
394-55-6384,C-23-1-560,Female,Body Lotion,Health_and_beauty,70.19,9,31.5855,663.2955,29/1/2023,AYA Pay
266-20-6657,C-23-1-561,Male,Cookies,Food_and_beverages,55.04,7,19.264,404.544,20/1/2023,CB Pay
196-01-2849,C-23-1-562,Female,Power Bank,Electronic_accessories,73.38,7,25.683,539.343,15/1/2023,Wave Pay
372-62-5264,C-23-1-563,Female,Coffee,Food_and_beverages,52.6,9,23.67,497.07,31/1/2023,CB Pay
751-41-9720,C-23-1-564,Male,Chips,Food_and_beverages,97.5,10,48.75,1023.75,8/1/2023,Wave Pay
626-43-7888,C-23-1-565,Female,Coffee,Food_and_beverages,60.41,8,24.164,507.444,30/1/2023,Cash
162-65-8559,C-23-1-566,Male,Bracelet,Fashion_accessories,68.98,1,3.449,72.429,13/1/2023,Card
760-27-5490,C-23-1-567,Male,USB Cable,Electronic_accessories,15.62,8,6.248,131.208,21/1/2023,KBZ Pay
728-88-7867,C-23-1-568,Female,Watch,Fashion_accessories,75.53,4,15.106,317.226,25/1/2023,Cash
183-21-3799,C-23-1-569,Female,Table Lamp,Home_and_lifestyle,77.63,9,34.9335,733.6035,13/1/2023,Cash
268-20-3585,C-23-1-570,Female,Yoga Mat,Sports_and_travel,13.85,9,6.2325,130.8825,26/1/2023,Card
735-32-9839,C-23-1-571,Male,Lip Balm,Health_and_beauty,98.7,8,39.48,829.08,17/1/2023,KBZ Pay
678-79-0726,C-23-1-572,Female,Shampoo,Health_and_beauty,90.63,9,40.7835,856.4535,30/1/2023,KBZ Pay
592-46-1692,C-23-1-573,Female,USB Cable,Electronic_accessories,36.77,7,12.8695,270.2595,21/1/2023,KBZ Pay
149-14-0304,C-23-1-574,Female,USB Cable,Electronic_accessories,28.5,8,11.4,239.4,2/1/2023,Card
442-44-6497,C-23-1-575,Male,Power Bank,Electronic_accessories,55.57,3,8.3355,175.0455,12/1/2023,AYA Pay
210-74-9613,C-23-1-576,Male,Gym Towel,Sports_and_travel,97.26,4,19.452,408.492,3/1/2023,KBZ Pay
607-65-2441,C-23-1-577,Male,Candles,Home_and_lifestyle,81.95,10,40.975,860.475,24/1/2023,Card
386-27-7606,C-23-1-578,Female,Phone Case,Electronic_accessories,81.2,7,28.42,596.82,9/1/2023,AYA Pay
137-63-5492,C-23-1-579,Male,Phone Case,Electronic_accessories,58.76,10,29.38,616.98,3/1/2023,Card
733-29-1227,C-23-1-580,Male,Bracelet,Fashion_accessories,55.61,7,19.4635,408.7335,23/1/2023,KBZ Pay
451-73-2711,C-23-1-581,Male,Water Bottle,Sports_and_travel,84.83,1,4.2415,89.0715,12/1/2023,AYA Pay
345-68-9016,C-23-1-582,Female,Wall Clock,Home_and_lifestyle,31.67,8,12.668,266.028,28/1/2023,Wave Pay
390-17-5806,C-23-1-583,Female,Wall Clock,Home_and_lifestyle,38.42,1,1.921,40.341,31/1/2023,Wave Pay
664-14-2882,C-23-1-584,Female,Earphones,Electronic_accessories,10.53,5,2.6325,55.2825,27/1/2023,Wave Pay
314-23-4520,C-23-1-585,Male,Cushion,Home_and_lifestyle,81.23,7,28.4305,597.0405,10/1/2023,KBZ Pay
288-38-3758,C-23-1-586,Female,Candles,Home_and_lifestyle,84.87,3,12.7305,267.3405,13/1/2023,CB Pay
801-88-0346,C-23-1-587,Female,Hat,Fashion_accessories,76.06,3,11.409,239.589,15/1/2023,CB Pay
759-98-4285,C-23-1-588,Female,Table Lamp,Home_and_lifestyle,85.87,7,30.0545,631.1445,21/1/2023,Wave Pay
201-63-8275,C-23-1-589,Female,USB Cable,Electronic_accessories,67.99,7,23.7965,499.7265,24/1/2023,Wave Pay
471-06-8611,C-23-1-590,Female,Shampoo,Health_and_beauty,52.42,1,2.621,55.041,7/1/2023,Card
200-16-5952,C-23-1-591,Male,Picture Frame,Home_and_lifestyle,65.65,2,6.565,137.865,5/1/2023,Card
102-77-2261,C-23-1-592,Male,Juice,Food_and_beverages,65.31,7,22.8585,480.0285,17/1/2023,Wave Pay
102-06-2002,C-23-1-593,Male,Shampoo,Health_and_beauty,25.25,5,6.3125,132.5625,30/1/2023,CB Pay
629-42-4133,C-23-1-594,Male,Wall Clock,Home_and_lifestyle,21.8,8,8.72,183.12,5/1/2023,KBZ Pay
468-99-7231,C-23-1-595,Female,Sunglasses,Fashion_accessories,44.01,8,17.604,369.684,29/1/2023,Card
516-77-6464,C-23-1-596,Female,Scarf,Fashion_accessories,10.16,5,2.54,53.34,11/1/2023,Wave Pay
886-77-9084,C-23-1-597,Male,Hat,Fashion_accessories,71.89,8,28.756,603.876,13/1/2023,AYA Pay
790-38-4466,C-23-1-598,Female,Chips,Food_and_beverages,10.99,5,2.7475,57.6975,24/1/2023,Card
704-10-4056,C-23-1-599,Male,Table Lamp,Home_and_lifestyle,60.47,3,9.0705,190.4805,18/1/2023,CB Pay
400-80-4065,C-23-1-600,Male,Sunglasses,Fashion_accessories,68.55,4,13.71,287.91,6/1/2023,Wave Pay
443-60-9639,C-23-1-601,Female,Wall Clock,Home_and_lifestyle,60.87,1,3.0435,63.9135,5/1/2023,KBZ Pay
401-09-4232,C-23-1-602,Male,Cookies,Food_and_beverages,86.69,5,21.6725,455.1225,4/1/2023,CB Pay
324-41-6833,C-23-1-603,Female,Wall Clock,Home_and_lifestyle,30.2,8,12.08,253.68,18/1/2023,Wave Pay
474-33-8305,C-23-1-604,Male,Table Lamp,Home_and_lifestyle,67.39,7,23.5865,495.3165,23/1/2023,Cash
189-55-2313,C-23-1-605,Female,Phone Case,Electronic_accessories,62.18,10,31.09,652.89,29/1/2023,Wave Pay
815-04-6282,C-23-1-606,Female,Lip Balm,Health_and_beauty,64.97,5,16.2425,341.0925,2/1/2023,Card
477-59-2456,C-23-1-607,Female,Coffee,Food_and_beverages,45.44,7,15.904,333.984,30/1/2023,AYA Pay
784-21-9238,C-23-1-608,Male,Watch,Fashion_accessories,10.17,1,0.5085,10.6785,4/1/2023,KBZ Pay
538-22-0304,C-23-1-609,Male,Coffee,Food_and_beverages,64.95,10,32.475,681.975,20/1/2023,AYA Pay
660-29-7083,C-23-1-610,Male,Candles,Home_and_lifestyle,55.87,10,27.935,586.635,13/1/2023,Wave Pay
271-77-8740,C-23-1-611,Female,Scarf,Fashion_accessories,29.22,6,8.766,184.086,11/1/2023,KBZ Pay
549-23-9016,C-23-1-612,Female,Juice,Food_and_beverages,14.87,2,1.487,31.227,29/1/2023,Cash
862-29-5914,C-23-1-613,Female,Water Bottle,Sports_and_travel,22.38,1,1.119,23.499,1/1/2023,KBZ Pay
845-94-6841,C-23-1-614,Female,Scarf,Fashion_accessories,72.88,9,32.796,688.716,18/1/2023,Cash
658-66-3967,C-23-1-615,Male,Earphones,Electronic_accessories,53.19,7,18.6165,390.9465,11/1/2023,KBZ Pay
848-95-6252,C-23-1-616,Female,Candles,Home_and_lifestyle,86.27,1,4.3135,90.5835,24/1/2023,Wave Pay
176-78-1170,C-23-1-617,Male,Wall Clock,Home_and_lifestyle,33.81,3,5.0715,106.5015,1/1/2023,KBZ Pay
101-81-4070,C-23-1-618,Female,Hat,Fashion_accessories,62.82,2,6.282,131.922,19/1/2023,AYA Pay
631-34-1880,C-23-1-619,Male,Cushion,Home_and_lifestyle,24.31,3,3.6465,76.5765,4/1/2023,Cash
584-66-4073,C-23-1-620,Male,Chips,Food_and_beverages,56.5,1,2.825,59.325,8/1/2023,AYA Pay
154-87-7367,C-23-1-621,Male,Backpack,Sports_and_travel,65.26,8,26.104,548.184,12/1/2023,Card
885-56-0389,C-23-1-622,Male,Gym Towel,Sports_and_travel,52.35,1,2.6175,54.9675,14/1/2023,CB Pay
115-38-7388,C-23-1-623,Female,Earphones,Electronic_accessories,10.18,8,4.072,85.512,8/1/2023,KBZ Pay
137-74-8729,C-23-1-624,Female,Face Wash,Health_and_beauty,12.19,8,4.876,102.396,13/1/2023,Card
389-70-2397,C-23-1-625,Female,Hat,Fashion_accessories,83.66,5,20.915,439.215,22/1/2023,Cash
607-76-6216,C-23-1-626,Female,Sunglasses,Fashion_accessories,92.49,5,23.1225,485.5725,5/1/2023,KBZ Pay
781-84-8059,C-23-1-627,Male,Earphones,Electronic_accessories,60.74,7,21.259,446.439,8/1/2023,Wave Pay
409-49-6995,C-23-1-628,Female,Sunglasses,Fashion_accessories,47.27,6,14.181,297.801,8/1/2023,Cash
725-54-0677,C-23-1-629,Male,Watch,Fashion_accessories,85.6,7,29.96,629.16,25/1/2023,Card
377-79-7592,C-23-1-630,Female,Candles,Home_and_lifestyle,44.84,9,20.178,423.738,26/1/2023,Cash
545-07-8534,C-23-1-631,Female,Picture Frame,Home_and_lifestyle,58.32,2,5.832,122.472,12/1/2023,CB Pay
118-62-1812,C-23-1-632,Female,Phone Case,Electronic_accessories,78.38,4,15.676,329.196,24/1/2023,CB Pay
450-42-3339,C-23-1-633,Male,Phone Case,Electronic_accessories,84.61,10,42.305,888.405,23/1/2023,Card
151-27-8496,C-23-1-634,Female,Earphones,Electronic_accessories,56.13,4,11.226,235.746,5/1/2023,Wave Pay
717-96-4189,C-23-1-635,Female,Sunglasses,Fashion_accessories,35.49,6,10.647,223.587,10/1/2023,Cash
722-13-2115,C-23-1-636,Male,Phone Case,Electronic_accessories,42.85,1,2.1425,44.9925,27/1/2023,KBZ Pay
246-55-6923,C-23-1-637,Female,Watch,Fashion_accessories,35.79,9,16.1055,338.2155,9/1/2023,CB Pay
838-02-1821,C-23-1-638,Female,Juice,Food_and_beverages,12.73,2,1.273,26.733,29/1/2023,AYA Pay
887-42-0517,C-23-1-639,Female,Wall Clock,Home_and_lifestyle,83.14,7,29.099,611.079,8/1/2023,Card
457-12-0244,C-23-1-640,Female,Sunscreen,Health_and_beauty,35.22,6,10.566,221.886,30/1/2023,AYA Pay
756-93-1854,C-23-1-641,Female,Tea,Food_and_beverages,83.35,2,8.335,175.035,15/1/2023,Wave Pay
458-10-8612,C-23-1-642,Male,Bracelet,Fashion_accessories,64.08,7,22.428,470.988,20/1/2023,Wave Pay
235-06-8510,C-23-1-643,Male,Picture Frame,Home_and_lifestyle,85.72,3,12.858,270.018,3/1/2023,KBZ Pay
433-08-7822,C-23-1-644,Female,Tea,Food_and_beverages,78.89,7,27.6115,579.8415,9/1/2023,KBZ Pay
500-02-2261,C-23-1-645,Female,Table Lamp,Home_and_lifestyle,57.29,6,17.187,360.927,11/1/2023,Card
702-83-5291,C-23-1-646,Male,Face Wash,Health_and_beauty,99.82,9,44.919,943.299,10/1/2023,Card
859-97-6048,C-23-1-647,Male,Power Bank,Electronic_accessories,84.25,2,8.425,176.925,21/1/2023,Cash
373-88-1424,C-23-1-648,Male,Watch,Fashion_accessories,35.81,5,8.9525,188.0025,5/1/2023,Cash
784-08-0310,C-23-1-649,Female,Lip Balm,Health_and_beauty,21.04,4,4.208,88.368,1/1/2023,Cash
577-34-7579,C-23-1-650,Male,Juice,Food_and_beverages,50.49,9,22.7205,477.1305,15/1/2023,AYA Pay
867-47-1948,C-23-1-651,Female,Sunscreen,Health_and_beauty,15.8,10,7.9,165.9,5/1/2023,KBZ Pay
256-58-3609,C-23-1-652,Male,Face Wash,Health_and_beauty,91.98,1,4.599,96.579,24/1/2023,Wave Pay
364-34-2972,C-23-1-653,Male,Water Bottle,Sports_and_travel,96.82,3,14.523,304.983,13/1/2023,Cash
744-82-9138,C-23-1-654,Male,Picture Frame,Home_and_lifestyle,86.13,2,8.613,180.873,25/1/2023,KBZ Pay
728-47-9078,C-23-1-655,Male,Face Wash,Health_and_beauty,59.59,4,11.918,250.278,16/1/2023,AYA Pay
148-41-7930,C-23-1-656,Male,USB Cable,Electronic_accessories,99.96,7,34.986,734.706,27/1/2023,CB Pay
189-40-5216,C-23-1-657,Male,Face Wash,Health_and_beauty,96.37,7,33.7295,708.3195,28/1/2023,CB Pay
267-62-7380,C-23-1-658,Male,Power Bank,Electronic_accessories,82.34,10,41.17,864.57,24/1/2023,Card
652-49-6720,C-23-1-659,Female,USB Cable,Electronic_accessories,60.95,1,3.0475,63.9975,17/1/2023,Card
233-67-5758,C-23-1-660,Male,Charger,Electronic_accessories,40.35,1,2.0175,42.3675,31/1/2023,Card
750-67-8428,C-23-1-661,Female,Sunglasses,Fashion_accessories,74.69,7,26.1415,548.9715,30/1/2023,Wave Pay
631-41-3108,C-23-1-662,Male,Coffee,Food_and_beverages,46.33,7,16.2155,340.5255,16/1/2023,AYA Pay
123-19-1176,C-23-1-663,Male,Juice,Food_and_beverages,58.22,8,23.288,489.048,4/1/2023,Wave Pay
373-73-7910,C-23-1-664,Male,Charger,Electronic_accessories,86.31,7,30.2085,634.3785,21/1/2023,CB Pay
355-53-5943,C-23-1-665,Female,Water Bottle,Sports_and_travel,68.84,6,20.652,433.692,8/1/2023,Cash
665-32-9167,C-23-1-666,Female,Power Bank,Electronic_accessories,36.26,2,3.626,76.146,31/1/2023,CB Pay
365-64-0515,C-23-1-667,Female,Watch,Fashion_accessories,46.95,5,11.7375,246.4875,11/1/2023,AYA Pay
252-56-2699,C-23-1-668,Male,USB Cable,Electronic_accessories,43.19,10,21.595,453.495,11/1/2023,Cash
829-34-3910,C-23-1-669,Female,Coffee,Food_and_beverages,71.38,10,35.69,749.49,29/1/2023,Cash
656-95-9349,C-23-1-670,Female,Juice,Food_and_beverages,68.93,7,24.1255,506.6355,14/1/2023,KBZ Pay
765-26-6951,C-23-1-671,Male,Backpack,Sports_and_travel,72.61,6,21.783,457.443,11/1/2023,AYA Pay
329-62-1586,C-23-1-672,Male,Running Shoes,Sports_and_travel,54.67,3,8.2005,172.2105,13/1/2023,Card
636-48-8204,C-23-1-673,Male,Backpack,Sports_and_travel,34.56,5,8.64,181.44,25/1/2023,AYA Pay
549-59-1358,C-23-1-674,Male,Gym Towel,Sports_and_travel,88.63,3,13.2945,279.1845,11/1/2023,CB Pay
227-03-5010,C-23-1-675,Female,Hat,Fashion_accessories,52.59,8,21.036,441.756,11/1/2023,KBZ Pay
189-17-4241,C-23-1-676,Female,Body Lotion,Health_and_beauty,87.67,2,8.767,184.107,21/1/2023,Wave Pay
848-62-7243,C-23-1-677,Male,Face Wash,Health_and_beauty,24.89,9,11.2005,235.2105,10/1/2023,CB Pay
595-11-5460,C-23-1-678,Male,Cushion,Home_and_lifestyle,96.58,2,9.658,202.818,22/1/2023,Wave Pay
129-29-8530,C-23-1-679,Male,Bracelet,Fashion_accessories,62.62,5,15.655,328.755,22/1/2023,Card
272-65-1806,C-23-1-680,Female,Lip Balm,Health_and_beauty,60.88,9,27.396,575.316,30/1/2023,Cash
162-48-8011,C-23-1-681,Female,Earphones,Electronic_accessories,44.59,5,11.1475,234.0975,11/1/2023,KBZ Pay
106-35-6779,C-23-1-682,Male,Wall Clock,Home_and_lifestyle,44.34,2,4.434,93.114,11/1/2023,Cash
635-40-6220,C-23-1-683,Male,Wall Clock,Home_and_lifestyle,89.6,8,35.84,752.64,30/1/2023,AYA Pay
817-48-8732,C-23-1-684,Female,Cookies,Food_and_beverages,72.35,10,36.175,759.675,18/1/2023,Cash
199-75-8169,C-23-1-685,Male,Shampoo,Health_and_beauty,15.81,10,7.905,166.005,13/1/2023,Wave Pay
877-22-3308,C-23-1-686,Male,Sunglasses,Fashion_accessories,15.87,10,7.935,166.635,28/1/2023,Cash
232-11-3025,C-23-1-687,Male,Picture Frame,Home_and_lifestyle,78.77,10,39.385,827.085,19/1/2023,KBZ Pay
382-03-4532,C-23-1-688,Female,Chips,Food_and_beverages,18.33,1,0.9165,19.2465,23/1/2023,Wave Pay
287-21-9091,C-23-1-689,Male,Phone Case,Electronic_accessories,74.67,9,33.6015,705.6315,17/1/2023,Card
381-20-0914,C-23-1-690,Female,Face Wash,Health_and_beauty,20.01,9,9.0045,189.0945,9/1/2023,Cash
633-44-8566,C-23-1-691,Male,Bracelet,Fashion_accessories,49.38,7,17.283,362.943,19/1/2023,CB Pay
504-35-8843,C-23-1-692,Male,Gym Towel,Sports_and_travel,42.47,1,2.1235,44.5935,15/1/2023,Cash
873-51-0671,C-23-1-693,Female,Picture Frame,Home_and_lifestyle,21.98,7,7.693,161.553,30/1/2023,KBZ Pay
594-34-4444,C-23-1-694,Male,Earphones,Electronic_accessories,97.16,1,4.858,102.018,26/1/2023,Cash
865-92-6136,C-23-1-695,Male,Cookies,Food_and_beverages,52.75,3,7.9125,166.1625,17/1/2023,Wave Pay
212-62-1842,C-23-1-696,Male,Picture Frame,Home_and_lifestyle,58.26,6,17.478,367.038,9/1/2023,Wave Pay
704-48-3927,C-23-1-697,Male,Backpack,Sports_and_travel,88.67,10,44.335,931.035,9/1/2023,AYA Pay
630-74-5166,C-23-1-698,Male,Scarf,Fashion_accessories,62.13,6,18.639,391.419,20/1/2023,CB Pay
645-44-1170,C-23-1-699,Male,Face Wash,Health_and_beauty,58.07,9,26.1315,548.7615,13/1/2023,Wave Pay
642-32-2990,C-23-1-700,Female,Shampoo,Health_and_beauty,10.96,10,5.48,115.08,16/1/2023,KBZ Pay
638-60-7125,C-23-1-701,Female,Earphones,Electronic_accessories,99.56,8,39.824,836.304,5/1/2023,KBZ Pay
668-90-8900,C-23-1-702,Female,Picture Frame,Home_and_lifestyle,93.69,7,32.7915,688.6215,31/1/2023,Card
870-54-3162,C-23-1-703,Female,Sunscreen,Health_and_beauty,32.25,5,8.0625,169.3125,17/1/2023,CB Pay
802-70-5316,C-23-1-704,Female,Phone Case,Electronic_accessories,92.13,6,27.639,580.419,8/1/2023,Card
700-81-1757,C-23-1-705,Female,Watch,Fashion_accessories,26.31,5,6.5775,138.1275,3/1/2023,AYA Pay
354-39-5160,C-23-1-706,Female,Picture Frame,Home_and_lifestyle,34.42,6,10.326,216.846,14/1/2023,KBZ Pay
575-30-8091,C-23-1-707,Male,Hat,Fashion_accessories,72.5,8,29,609,24/1/2023,Cash
239-10-7476,C-23-1-708,Female,Chips,Food_and_beverages,77.95,6,23.385,491.085,5/1/2023,Wave Pay
685-64-1609,C-23-1-709,Female,Water Bottle,Sports_and_travel,30.14,10,15.07,316.47,25/1/2023,Card
238-49-0436,C-23-1-710,Male,Backpack,Sports_and_travel,32.46,8,12.984,272.664,20/1/2023,KBZ Pay
746-94-0204,C-23-1-711,Male,Picture Frame,Home_and_lifestyle,83.24,9,37.458,786.618,8/1/2023,Cash
782-95-9291,C-23-1-712,Male,Running Shoes,Sports_and_travel,92.29,5,23.0725,484.5225,16/1/2023,AYA Pay
275-28-0149,C-23-1-713,Male,Cookies,Food_and_beverages,63.69,1,3.1845,66.8745,24/1/2023,CB Pay
101-17-6199,C-23-1-714,Male,Gym Towel,Sports_and_travel,45.79,7,16.0265,336.5565,22/1/2023,Card
687-47-8271,C-23-1-715,Male,Sunscreen,Health_and_beauty,98.98,10,49.49,1039.29,14/1/2023,Card
796-32-9050,C-23-1-716,Male,Coffee,Food_and_beverages,51.28,6,15.384,323.064,17/1/2023,Card
105-31-1824,C-23-1-717,Male,Juice,Food_and_beverages,69.52,7,24.332,510.972,26/1/2023,CB Pay
249-42-3782,C-23-1-718,Male,Cookies,Food_and_beverages,70.01,5,17.5025,367.5525,24/1/2023,Wave Pay
827-26-2100,C-23-1-719,Male,Bracelet,Fashion_accessories,33.84,9,15.228,319.788,30/1/2023,Cash
175-54-2529,C-23-1-720,Male,Coffee,Food_and_beverages,22.17,8,8.868,186.228,28/1/2023,Cash
407-63-8975,C-23-1-721,Male,Earphones,Electronic_accessories,73.88,6,22.164,465.444,18/1/2023,Wave Pay
851-28-6367,C-23-1-722,Male,Shampoo,Health_and_beauty,15.5,10,7.75,162.75,5/1/2023,CB Pay
586-25-0848,C-23-1-723,Female,Water Bottle,Sports_and_travel,12.34,7,4.319,90.699,1/1/2023,AYA Pay
400-60-7251,C-23-1-724,Male,Cushion,Home_and_lifestyle,74.07,1,3.7035,77.7735,25/1/2023,CB Pay
831-07-6050,C-23-1-725,Male,Gym Towel,Sports_and_travel,32.71,5,8.1775,171.7275,26/1/2023,Card
856-22-8149,C-23-1-726,Female,Lip Balm,Health_and_beauty,25.29,1,1.2645,26.5545,14/1/2023,CB Pay
749-24-1565,C-23-1-727,Female,Phone Case,Electronic_accessories,23.03,9,10.3635,217.6335,19/1/2023,AYA Pay
888-02-0338,C-23-1-728,Male,Sunscreen,Health_and_beauty,26.23,9,11.8035,247.8735,22/1/2023,CB Pay
802-43-8934,C-23-1-729,Male,USB Cable,Electronic_accessories,18.28,1,0.914,19.194,11/1/2023,Cash
319-74-2561,C-23-1-730,Female,Tea,Food_and_beverages,94.64,3,14.196,298.116,24/1/2023,KBZ Pay
213-72-6612,C-23-1-731,Male,Shampoo,Health_and_beauty,43.25,2,4.325,90.825,17/1/2023,Card
721-86-6247,C-23-1-732,Female,Cookies,Food_and_beverages,63.42,8,25.368,532.728,28/1/2023,KBZ Pay
157-13-5295,C-23-1-733,Male,Hat,Fashion_accessories,51.94,10,25.97,545.37,17/1/2023,AYA Pay
645-78-8093,C-23-1-734,Female,Face Wash,Health_and_beauty,93.14,2,9.314,195.594,13/1/2023,Card
478-06-7835,C-23-1-735,Male,Chips,Food_and_beverages,89.69,1,4.4845,94.1745,5/1/2023,Cash
540-11-4336,C-23-1-736,Male,USB Cable,Electronic_accessories,24.94,9,11.223,235.683,31/1/2023,CB Pay
448-81-5016,C-23-1-737,Male,Water Bottle,Sports_and_travel,59.77,2,5.977,125.517,26/1/2023,KBZ Pay
217-58-1179,C-23-1-738,Male,Juice,Food_and_beverages,62.65,4,12.53,263.13,21/1/2023,KBZ Pay
530-90-9855,C-23-1-739,Male,Face Wash,Health_and_beauty,47.59,8,19.036,399.756,4/1/2023,Card
604-70-6476,C-23-1-740,Male,Chips,Food_and_beverages,17.94,5,4.485,94.185,28/1/2023,KBZ Pay
799-71-1548,C-23-1-741,Male,Gym Towel,Sports_and_travel,77.72,4,15.544,326.424,17/1/2023,Wave Pay
290-68-2984,C-23-1-742,Male,Shampoo,Health_and_beauty,23.75,4,4.75,99.75,18/1/2023,Wave Pay
704-11-6354,C-23-1-743,Male,Watch,Fashion_accessories,58.9,8,23.56,494.76,8/1/2023,KBZ Pay
366-93-0948,C-23-1-744,Male,Scarf,Fashion_accessories,66.35,1,3.3175,69.6675,17/1/2023,KBZ Pay
729-09-9681,C-23-1-745,Male,Face Wash,Health_and_beauty,25.91,6,7.773,163.233,12/1/2023,CB Pay
151-16-1484,C-23-1-746,Male,Picture Frame,Home_and_lifestyle,32.25,4,6.45,135.45,8/1/2023,AYA Pay
850-41-9669,C-23-1-747,Female,Power Bank,Electronic_accessories,75.06,9,33.777,709.317,29/1/2023,Cash
447-15-7839,C-23-1-748,Female,Phone Case,Electronic_accessories,22.24,10,11.12,233.52,24/1/2023,KBZ Pay
253-12-6086,C-23-1-749,Female,Cushion,Home_and_lifestyle,98.4,7,34.44,723.24,11/1/2023,Wave Pay
144-51-6085,C-23-1-750,Male,Cookies,Food_and_beverages,70.74,4,14.148,297.108,8/1/2023,CB Pay
731-14-2199,C-23-1-751,Female,Power Bank,Electronic_accessories,35.54,10,17.77,373.17,29/1/2023,KBZ Pay
126-54-1082,C-23-1-752,Female,Sunglasses,Fashion_accessories,21.54,9,9.693,203.553,22/1/2023,Cash
633-91-1052,C-23-1-753,Female,Water Bottle,Sports_and_travel,12.03,2,1.203,25.263,17/1/2023,AYA Pay
828-61-5674,C-23-1-754,Male,Power Bank,Electronic_accessories,44.02,10,22.01,462.21,16/1/2023,Wave Pay
136-08-6195,C-23-1-755,Female,Earphones,Electronic_accessories,69.96,8,27.984,587.664,12/1/2023,KBZ Pay
490-29-1201,C-23-1-756,Female,Hat,Fashion_accessories,15.34,1,0.767,16.107,11/1/2023,AYA Pay
667-92-0055,C-23-1-757,Male,Candles,Home_and_lifestyle,99.83,6,29.949,628.929,22/1/2023,Cash
565-17-3836,C-23-1-758,Female,Backpack,Sports_and_travel,47.67,4,9.534,200.214,23/1/2023,CB Pay
430-60-3493,C-23-1-759,Female,Tea,Food_and_beverages,94.88,7,33.208,697.368,4/1/2023,CB Pay
278-97-7759,C-23-1-760,Female,Wall Clock,Home_and_lifestyle,62.48,1,3.124,65.604,22/1/2023,Cash
316-68-6352,C-23-1-761,Female,Earphones,Electronic_accessories,36.36,2,3.636,76.356,31/1/2023,Cash
744-02-5987,C-23-1-762,Male,Phone Case,Electronic_accessories,78.38,6,23.514,493.794,19/1/2023,KBZ Pay
307-83-9164,C-23-1-763,Male,Wall Clock,Home_and_lifestyle,60.01,4,12.002,252.042,27/1/2023,AYA Pay
439-54-7422,C-23-1-764,Female,Sunscreen,Health_and_beauty,51.19,4,10.238,214.998,30/1/2023,Card
411-77-0180,C-23-1-765,Male,Watch,Fashion_accessories,72.2,7,25.27,530.67,8/1/2023,AYA Pay
286-01-5402,C-23-1-766,Female,Chips,Food_and_beverages,40.23,7,14.0805,295.6905,15/1/2023,Card
803-17-8013,C-23-1-767,Female,Face Wash,Health_and_beauty,88.79,8,35.516,745.836,7/1/2023,AYA Pay
512-98-1403,C-23-1-768,Female,USB Cable,Electronic_accessories,26.48,3,3.972,83.412,27/1/2023,Wave Pay
848-42-2560,C-23-1-769,Female,Watch,Fashion_accessories,81.91,2,8.191,172.011,20/1/2023,Cash
870-76-1733,C-23-1-770,Female,Tea,Food_and_beverages,14.23,5,3.5575,74.7075,18/1/2023,Cash
423-64-4619,C-23-1-771,Female,Power Bank,Electronic_accessories,15.55,9,6.9975,146.9475,17/1/2023,Cash
372-94-8041,C-23-1-772,Male,Yoga Mat,Sports_and_travel,15.26,6,4.578,96.138,10/1/2023,AYA Pay
563-91-7120,C-23-1-773,Female,Backpack,Sports_and_travel,61.77,5,15.4425,324.2925,20/1/2023,Cash
746-54-5508,C-23-1-774,Male,Tea,Food_and_beverages,21.52,6,6.456,135.576,31/1/2023,Wave Pay
815-11-1168,C-23-1-775,Male,Phone Case,Electronic_accessories,99.78,5,24.945,523.845,9/1/2023,Wave Pay
340-66-0321,C-23-1-776,Male,Face Wash,Health_and_beauty,36.36,4,7.272,152.712,22/1/2023,Card
634-97-8956,C-23-1-777,Male,Charger,Electronic_accessories,32.9,3,4.935,103.635,2/1/2023,CB Pay
566-71-1091,C-23-1-778,Male,Earphones,Electronic_accessories,77.02,5,19.255,404.355,9/1/2023,Card
442-48-3607,C-23-1-779,Male,Picture Frame,Home_and_lifestyle,23.48,2,2.348,49.308,8/1/2023,Wave Pay
527-09-6272,C-23-1-780,Female,Wall Clock,Home_and_lifestyle,28.45,5,7.1125,149.3625,29/1/2023,KBZ Pay
898-04-2717,C-23-1-781,Male,Wall Clock,Home_and_lifestyle,76.4,9,34.38,721.98,22/1/2023,CB Pay
150-89-8043,C-23-1-782,Male,Earphones,Electronic_accessories,44.65,3,6.6975,140.6475,17/1/2023,Card
135-84-8019,C-23-1-783,Female,Table Lamp,Home_and_lifestyle,77.93,9,35.0685,736.4385,11/1/2023,AYA Pay
441-94-7118,C-23-1-784,Male,Power Bank,Electronic_accessories,71.95,1,3.5975,75.5475,25/1/2023,KBZ Pay
531-80-1784,C-23-1-785,Male,Cushion,Home_and_lifestyle,26.02,7,9.107,191.247,2/1/2023,AYA Pay
834-61-8124,C-23-1-786,Male,Charger,Electronic_accessories,51.69,7,18.0915,379.9215,11/1/2023,CB Pay
612-36-5536,C-23-1-787,Male,Juice,Food_and_beverages,80.96,8,32.384,680.064,26/1/2023,Card
462-67-9126,C-23-1-788,Male,Sunglasses,Fashion_accessories,73.22,6,21.966,461.286,1/1/2023,Wave Pay
468-88-0009,C-23-1-789,Male,Coffee,Food_and_beverages,65.94,4,13.188,276.948,14/1/2023,KBZ Pay
254-31-0042,C-23-1-790,Male,Juice,Food_and_beverages,21.5,9,9.675,203.175,15/1/2023,Cash
422-29-8786,C-23-1-791,Female,Gym Towel,Sports_and_travel,67.09,5,16.7725,352.2225,24/1/2023,AYA Pay
667-23-5919,C-23-1-792,Female,Juice,Food_and_beverages,96.7,5,24.175,507.675,30/1/2023,Card
289-15-7034,C-23-1-793,Male,Face Wash,Health_and_beauty,82.33,4,16.466,345.786,27/1/2023,Card
662-72-2873,C-23-1-794,Female,Shampoo,Health_and_beauty,40.94,5,10.235,214.935,10/1/2023,KBZ Pay
725-56-0833,C-23-1-795,Female,Face Wash,Health_and_beauty,32.32,10,16.16,339.36,3/1/2023,Card
563-36-9814,C-23-1-796,Male,Chips,Food_and_beverages,76.82,1,3.841,80.661,7/1/2023,KBZ Pay
308-47-4913,C-23-1-797,Female,Watch,Fashion_accessories,52.26,10,26.13,548.73,23/1/2023,AYA Pay
885-17-6250,C-23-1-798,Female,Watch,Fashion_accessories,79.74,1,3.987,83.727,10/1/2023,Cash
726-27-2396,C-23-1-799,Female,Running Shoes,Sports_and_travel,77.5,5,19.375,406.875,14/1/2023,KBZ Pay
316-01-3952,C-23-1-800,Female,Yoga Mat,Sports_and_travel,54.27,5,13.5675,284.9175,10/1/2023,AYA Pay
882-40-4577,C-23-1-801,Male,Chips,Food_and_beverages,67.26,4,13.452,282.492,15/1/2023,CB Pay
732-67-5346,C-23-1-802,Male,Earphones,Electronic_accessories,13.79,5,3.4475,72.3975,16/1/2023,CB Pay
256-08-8343,C-23-1-803,Female,Body Lotion,Health_and_beauty,56.53,4,11.306,237.426,1/1/2023,KBZ Pay
132-23-6451,C-23-1-804,Male,Wall Clock,Home_and_lifestyle,20.97,5,5.2425,110.0925,22/1/2023,KBZ Pay
696-90-2548,C-23-1-805,Male,Charger,Electronic_accessories,25.84,3,3.876,81.396,9/1/2023,CB Pay
472-15-9636,C-23-1-806,Male,Sunscreen,Health_and_beauty,50.93,8,20.372,427.812,26/1/2023,Wave Pay
745-71-3520,C-23-1-807,Female,Scarf,Fashion_accessories,25.22,7,8.827,185.367,6/1/2023,KBZ Pay
269-10-8440,C-23-1-808,Male,Earphones,Electronic_accessories,53.17,7,18.6095,390.7995,30/1/2023,CB Pay
325-77-6186,C-23-1-809,Female,Yoga Mat,Sports_and_travel,90.65,10,45.325,951.825,3/1/2023,AYA Pay
459-50-7686,C-23-1-810,Female,Yoga Mat,Sports_and_travel,23.46,6,7.038,147.798,4/1/2023,KBZ Pay
345-08-4992,C-23-1-811,Male,Cookies,Food_and_beverages,33.99,6,10.197,214.137,18/1/2023,KBZ Pay
138-17-5109,C-23-1-812,Female,Cookies,Food_and_beverages,89.21,9,40.1445,843.0345,20/1/2023,AYA Pay
301-11-9629,C-23-1-813,Female,Picture Frame,Home_and_lifestyle,19.1,7,6.685,140.385,10/1/2023,AYA Pay
727-17-0390,C-23-1-814,Female,Sunglasses,Fashion_accessories,63.61,5,15.9025,333.9525,11/1/2023,Cash
568-88-3448,C-23-1-815,Male,Watch,Fashion_accessories,25,1,1.25,26.25,22/1/2023,Card
187-83-5490,C-23-1-816,Male,Shampoo,Health_and_beauty,20.77,4,4.154,87.234,26/1/2023,Cash
470-32-9057,C-23-1-817,Male,Cookies,Food_and_beverages,51.34,5,12.835,269.535,18/1/2023,Wave Pay
340-21-9136,C-23-1-818,Female,Candles,Home_and_lifestyle,40.05,4,8.01,168.21,26/1/2023,CB Pay
405-31-3305,C-23-1-819,Male,Power Bank,Electronic_accessories,43.13,10,21.565,452.865,7/1/2023,CB Pay
676-39-6028,C-23-1-820,Female,Backpack,Sports_and_travel,64.44,5,16.11,338.31,23/1/2023,Card
502-05-1910,C-23-1-821,Male,Yoga Mat,Sports_and_travel,65.18,3,9.777,205.317,2/1/2023,Cash
485-30-8700,C-23-1-822,Female,Backpack,Sports_and_travel,33.26,5,8.315,174.615,6/1/2023,Card
575-67-1508,C-23-1-823,Male,Earphones,Electronic_accessories,38.6,1,1.93,40.53,20/1/2023,Cash
674-15-9296,C-23-1-824,Male,Water Bottle,Sports_and_travel,37.14,5,9.285,194.985,6/1/2023,Cash
795-49-7276,C-23-1-825,Male,Chips,Food_and_beverages,37.15,4,7.43,156.03,9/1/2023,Card
510-09-5628,C-23-1-826,Female,Watch,Fashion_accessories,19.66,10,9.83,206.43,28/1/2023,CB Pay
420-18-8989,C-23-1-827,Female,Wall Clock,Home_and_lifestyle,51.52,8,20.608,432.768,21/1/2023,Wave Pay
726-29-6793,C-23-1-828,Male,Cookies,Food_and_beverages,24.18,8,9.672,203.112,2/1/2023,AYA Pay
209-61-0206,C-23-1-829,Female,Sunscreen,Health_and_beauty,42.91,5,10.7275,225.2775,9/1/2023,AYA Pay
595-27-4851,C-23-1-830,Female,Running Shoes,Sports_and_travel,54.28,7,18.998,398.958,17/1/2023,AYA Pay
189-52-0236,C-23-1-831,Male,Lip Balm,Health_and_beauty,99.55,7,34.8425,731.6925,24/1/2023,Wave Pay
220-28-1851,C-23-1-832,Male,Scarf,Fashion_accessories,34.73,2,3.473,72.933,17/1/2023,KBZ Pay
609-81-8548,C-23-1-833,Female,Gym Towel,Sports_and_travel,37.44,6,11.232,235.872,23/1/2023,Cash
534-01-4457,C-23-1-834,Male,Chips,Food_and_beverages,81.71,6,24.513,514.773,7/1/2023,KBZ Pay
719-89-8991,C-23-1-835,Female,Picture Frame,Home_and_lifestyle,91.41,5,22.8525,479.9025,2/1/2023,Wave Pay
827-77-7633,C-23-1-836,Male,Running Shoes,Sports_and_travel,98.09,9,44.1405,926.9505,13/1/2023,Card
287-83-1405,C-23-1-837,Male,Juice,Food_and_beverages,25.43,6,7.629,160.209,13/1/2023,AYA Pay
435-13-4908,C-23-1-838,Male,Running Shoes,Sports_and_travel,86.68,8,34.672,728.112,4/1/2023,AYA Pay
892-05-6689,C-23-1-839,Female,Candles,Home_and_lifestyle,28.32,5,7.08,148.68,9/1/2023,Card
643-38-7867,C-23-1-840,Male,Hat,Fashion_accessories,97.94,1,4.897,102.837,20/1/2023,AYA Pay
308-81-0538,C-23-1-841,Female,Wall Clock,Home_and_lifestyle,73.05,4,14.61,306.81,11/1/2023,CB Pay
460-35-4390,C-23-1-842,Male,Hat,Fashion_accessories,30.68,3,4.602,96.642,22/1/2023,Wave Pay
647-50-1224,C-23-1-843,Female,Power Bank,Electronic_accessories,29.42,10,14.71,308.91,27/1/2023,Cash
541-48-8554,C-23-1-844,Male,Wall Clock,Home_and_lifestyle,60.95,9,27.4275,575.9775,24/1/2023,Cash
213-32-1216,C-23-1-845,Female,Gym Towel,Sports_and_travel,66.06,6,19.818,416.178,6/1/2023,Cash
134-75-2619,C-23-1-846,Male,Bracelet,Fashion_accessories,19.32,7,6.762,142.002,20/1/2023,AYA Pay
712-39-0363,C-23-1-847,Male,Scarf,Fashion_accessories,41.66,6,12.498,262.458,19/1/2023,CB Pay
218-59-9410,C-23-1-848,Female,Earphones,Electronic_accessories,72.42,3,10.863,228.123,23/1/2023,CB Pay
760-90-2357,C-23-1-849,Male,Water Bottle,Sports_and_travel,74.51,6,22.353,469.413,29/1/2023,Cash
698-98-5964,C-23-1-850,Female,Running Shoes,Sports_and_travel,81.21,10,40.605,852.705,20/1/2023,CB Pay
651-88-7328,C-23-1-851,Female,Gym Towel,Sports_and_travel,65.74,9,29.583,621.243,28/1/2023,Cash
239-48-4278,C-23-1-852,Male,Backpack,Sports_and_travel,10.13,7,3.5455,74.4555,30/1/2023,KBZ Pay
550-84-8664,C-23-1-853,Male,Gym Towel,Sports_and_travel,85.91,5,21.4775,451.0275,27/1/2023,AYA Pay
797-88-0493,C-23-1-854,Female,Water Bottle,Sports_and_travel,64.27,4,12.854,269.934,30/1/2023,Card
443-82-0585,C-23-1-855,Female,Hat,Fashion_accessories,77.68,4,15.536,326.256,1/1/2023,Card
127-47-6963,C-23-1-856,Male,Cushion,Home_and_lifestyle,51.71,4,10.342,217.182,28/1/2023,Cash
278-86-2735,C-23-1-857,Female,Wall Clock,Home_and_lifestyle,52.34,3,7.851,164.871,1/1/2023,Cash
695-28-6250,C-23-1-858,Female,Power Bank,Electronic_accessories,43.06,5,10.765,226.065,12/1/2023,KBZ Pay
227-50-3718,C-23-1-859,Male,Earphones,Electronic_accessories,14.62,5,3.655,76.755,16/1/2023,Wave Pay
560-49-6611,C-23-1-860,Female,Hat,Fashion_accessories,45.58,1,2.279,47.859,6/1/2023,Card
880-35-0356,C-23-1-861,Female,Backpack,Sports_and_travel,75.2,3,11.28,236.88,13/1/2023,Cash
152-68-2907,C-23-1-862,Male,Body Lotion,Health_and_beauty,52.2,3,7.83,164.43,7/1/2023,KBZ Pay
334-64-2006,C-23-1-863,Female,Face Wash,Health_and_beauty,70.32,2,7.032,147.672,25/1/2023,Cash
559-98-9873,C-23-1-864,Female,Hat,Fashion_accessories,53.65,7,18.7775,394.3275,17/1/2023,Cash
318-12-0304,C-23-1-865,Male,Sunscreen,Health_and_beauty,30.61,1,1.5305,32.1405,24/1/2023,AYA Pay
421-95-9805,C-23-1-866,Female,Power Bank,Electronic_accessories,28.96,1,1.448,30.408,5/1/2023,AYA Pay
443-59-0061,C-23-1-867,Male,Tea,Food_and_beverages,67.45,10,33.725,708.225,3/1/2023,CB Pay
509-29-3912,C-23-1-868,Female,Tea,Food_and_beverages,38.72,9,17.424,365.904,9/1/2023,Wave Pay
828-46-6863,C-23-1-869,Male,Bracelet,Fashion_accessories,98.53,6,29.559,620.739,11/1/2023,Card
420-97-3340,C-23-1-870,Female,Power Bank,Electronic_accessories,71.68,3,10.752,225.792,17/1/2023,Wave Pay
436-54-4512,C-23-1-871,Female,Backpack,Sports_and_travel,91.61,1,4.5805,96.1905,26/1/2023,AYA Pay
816-57-2053,C-23-1-872,Male,Juice,Food_and_beverages,60.87,2,6.087,127.827,10/1/2023,Card
856-66-2701,C-23-1-873,Male,Table Lamp,Home_and_lifestyle,53.3,3,7.995,167.895,28/1/2023,KBZ Pay
308-39-1707,C-23-1-874,Female,Table Lamp,Home_and_lifestyle,12.09,1,0.6045,12.6945,20/1/2023,Cash
149-61-1929,C-23-1-875,Male,Body Lotion,Health_and_beauty,64.19,10,32.095,673.995,24/1/2023,CB Pay
655-07-2265,C-23-1-876,Male,Gym Towel,Sports_and_travel,78.31,3,11.7465,246.6765,28/1/2023,AYA Pay
589-02-8023,C-23-1-877,Male,Shampoo,Health_and_beauty,83.77,2,8.377,175.917,18/1/2023,Wave Pay
610-46-4100,C-23-1-878,Male,Scarf,Fashion_accessories,28.95,7,10.1325,212.7825,8/1/2023,Cash
706-36-6154,C-23-1-879,Male,Juice,Food_and_beverages,19.36,9,8.712,182.952,5/1/2023,KBZ Pay
742-04-5161,C-23-1-880,Male,Watch,Fashion_accessories,72.78,10,36.39,764.19,21/1/2023,Cash
169-52-4504,C-23-1-881,Female,Table Lamp,Home_and_lifestyle,15.69,3,2.3535,49.4235,17/1/2023,KBZ Pay
562-12-5430,C-23-1-882,Female,Coffee,Food_and_beverages,88.15,3,13.2225,277.6725,12/1/2023,AYA Pay
816-72-8853,C-23-1-883,Female,Lip Balm,Health_and_beauty,27.93,5,6.9825,146.6325,29/1/2023,CB Pay
491-38-3499,C-23-1-884,Male,Picture Frame,Home_and_lifestyle,55.45,1,2.7725,58.2225,29/1/2023,CB Pay
518-17-2983,C-23-1-885,Female,Wall Clock,Home_and_lifestyle,48.63,4,9.726,204.246,15/1/2023,Card
588-47-8641,C-23-1-886,Male,Watch,Fashion_accessories,56.04,10,28.02,588.42,26/1/2023,CB Pay
811-03-8790,C-23-1-887,Female,Shampoo,Health_and_beauty,45.48,10,22.74,477.54,16/1/2023,CB Pay
274-05-5470,C-23-1-888,Female,Candles,Home_and_lifestyle,73.47,4,14.694,308.574,5/1/2023,AYA Pay
130-67-4723,C-23-1-889,Male,Shampoo,Health_and_beauty,48.5,6,14.55,305.55,25/1/2023,Card
105-10-6182,C-23-1-890,Male,Running Shoes,Sports_and_travel,21.48,2,2.148,45.108,6/1/2023,Card
648-83-1321,C-23-1-891,Male,Chips,Food_and_beverages,63.56,10,31.78,667.38,12/1/2023,Cash
305-03-2383,C-23-1-892,Female,Chips,Food_and_beverages,67.1,3,10.065,211.365,3/1/2023,Card
689-05-1884,C-23-1-893,Male,Coffee,Food_and_beverages,48.63,10,24.315,510.615,2/1/2023,KBZ Pay
800-09-8606,C-23-1-894,Female,Shampoo,Health_and_beauty,87.37,5,21.8425,458.6925,28/1/2023,AYA Pay
182-52-7000,C-23-1-895,Female,Shampoo,Health_and_beauty,27.04,4,5.408,113.568,9/1/2023,KBZ Pay
868-06-0466,C-23-1-896,Male,Scarf,Fashion_accessories,69.58,9,31.311,657.531,1/1/2023,Cash
445-30-9252,C-23-1-897,Male,Phone Case,Electronic_accessories,25.7,3,3.855,80.955,13/1/2023,Card
786-94-2700,C-23-1-898,Male,Chips,Food_and_beverages,80.62,6,24.186,507.906,24/1/2023,Card
258-92-7466,C-23-1-899,Female,Watch,Fashion_accessories,35.68,5,8.92,187.32,23/1/2023,Card
857-16-3520,C-23-1-900,Female,Earphones,Electronic_accessories,71.46,7,25.011,525.231,9/1/2023,Cash
482-17-1179,C-23-1-901,Male,Lip Balm,Health_and_beauty,11.94,3,1.791,37.611,22/1/2023,Cash
788-21-5741,C-23-1-902,Male,Phone Case,Electronic_accessories,45.38,3,6.807,142.947,20/1/2023,Cash
247-11-2470,C-23-1-903,Female,USB Cable,Electronic_accessories,22.32,4,4.464,93.744,20/1/2023,CB Pay
635-28-5728,C-23-1-904,Male,Scarf,Fashion_accessories,56,3,8.4,176.4,18/1/2023,Card
756-49-0168,C-23-1-905,Male,Juice,Food_and_beverages,19.7,1,0.985,20.685,17/1/2023,Cash
805-86-0265,C-23-1-906,Male,Sunglasses,Fashion_accessories,93.96,9,42.282,887.922,24/1/2023,KBZ Pay
373-14-0504,C-23-1-907,Female,Yoga Mat,Sports_and_travel,71.63,2,7.163,150.423,27/1/2023,KBZ Pay
546-80-2899,C-23-1-908,Male,Shampoo,Health_and_beauty,37.69,2,3.769,79.149,18/1/2023,Cash
585-86-8361,C-23-1-909,Female,Face Wash,Health_and_beauty,27.28,5,6.82,143.22,3/1/2023,KBZ Pay
807-14-7833,C-23-1-910,Female,Tea,Food_and_beverages,17.42,10,8.71,182.91,7/1/2023,Card
652-43-6591,C-23-1-911,Female,Coffee,Food_and_beverages,97.29,8,38.916,817.236,29/1/2023,CB Pay
406-46-7107,C-23-1-912,Female,Earphones,Electronic_accessories,96.52,6,28.956,608.076,30/1/2023,Wave Pay
250-17-5703,C-23-1-913,Male,Shampoo,Health_and_beauty,18.85,10,9.425,197.925,6/1/2023,Card
156-95-3964,C-23-1-914,Female,Sunscreen,Health_and_beauty,55.39,4,11.078,232.638,29/1/2023,CB Pay
410-67-1709,C-23-1-915,Female,Phone Case,Electronic_accessories,63.88,8,25.552,536.592,12/1/2023,Wave Pay
587-73-4862,C-23-1-916,Female,Lip Balm,Health_and_beauty,10.69,5,2.6725,56.1225,16/1/2023,Cash
787-87-2010,C-23-1-917,Male,Cookies,Food_and_beverages,55.5,4,11.1,233.1,1/1/2023,Wave Pay
886-54-6089,C-23-1-918,Female,Coffee,Food_and_beverages,11.43,6,3.429,72.009,21/1/2023,Cash
534-53-3526,C-23-1-919,Female,Scarf,Fashion_accessories,94.76,4,18.952,397.992,18/1/2023,AYA Pay
307-04-2070,C-23-1-920,Female,Coffee,Food_and_beverages,30.62,1,1.531,32.151,14/1/2023,Card
404-91-5964,C-23-1-921,Male,Juice,Food_and_beverages,74.58,7,26.103,548.163,10/1/2023,Wave Pay
497-37-6538,C-23-1-922,Male,Sunscreen,Health_and_beauty,58.91,7,20.6185,432.9885,16/1/2023,Card
651-96-5970,C-23-1-923,Male,Water Bottle,Sports_and_travel,46.41,1,2.3205,48.7305,18/1/2023,KBZ Pay
263-12-5321,C-23-1-924,Male,Earphones,Electronic_accessories,92.6,7,32.41,680.61,16/1/2023,AYA Pay
702-72-0487,C-23-1-925,Female,Juice,Food_and_beverages,46.61,2,4.661,97.881,20/1/2023,KBZ Pay
864-24-7918,C-23-1-926,Female,Earphones,Electronic_accessories,24.49,10,12.245,257.145,7/1/2023,Card
759-29-9521,C-23-1-927,Female,Bracelet,Fashion_accessories,48.96,9,22.032,462.672,6/1/2023,Wave Pay
220-68-6701,C-23-1-928,Female,Lip Balm,Health_and_beauty,77.47,4,15.494,325.374,30/1/2023,Card
618-34-8551,C-23-1-929,Female,Water Bottle,Sports_and_travel,93.18,2,9.318,195.678,7/1/2023,Card
257-60-7754,C-23-1-930,Female,Scarf,Fashion_accessories,50.23,4,10.046,210.966,4/1/2023,Card
380-60-5336,C-23-1-931,Female,Water Bottle,Sports_and_travel,40.26,10,20.13,422.73,7/1/2023,Card
674-56-6360,C-23-1-932,Male,Running Shoes,Sports_and_travel,95.15,1,4.7575,99.9075,8/1/2023,CB Pay
778-34-2523,C-23-1-933,Female,Juice,Food_and_beverages,48.62,8,19.448,408.408,18/1/2023,Wave Pay
832-51-6761,C-23-1-934,Male,Chips,Food_and_beverages,33.88,8,13.552,284.592,18/1/2023,Card
186-43-8965,C-23-1-935,Female,Running Shoes,Sports_and_travel,47.68,2,4.768,100.128,20/1/2023,Wave Pay
276-75-6884,C-23-1-936,Female,Tea,Food_and_beverages,68.71,3,10.3065,216.4365,25/1/2023,Wave Pay
569-76-2760,C-23-1-937,Female,Watch,Fashion_accessories,22.01,4,4.402,92.442,4/1/2023,Wave Pay
760-53-9233,C-23-1-938,Male,Charger,Electronic_accessories,41.28,3,6.192,130.032,1/1/2023,Card
416-17-9926,C-23-1-939,Female,Yoga Mat,Sports_and_travel,74.22,10,37.11,779.31,20/1/2023,AYA Pay
237-44-6163,C-23-1-940,Male,Shampoo,Health_and_beauty,10.56,8,4.224,88.704,5/1/2023,Wave Pay
528-14-9470,C-23-1-941,Male,Gym Towel,Sports_and_travel,91.3,1,4.565,95.865,17/1/2023,Cash
807-34-3742,C-23-1-942,Male,Gym Towel,Sports_and_travel,52.38,1,2.619,54.999,24/1/2023,Wave Pay
288-62-1085,C-23-1-943,Male,Lip Balm,Health_and_beauty,38.54,5,9.635,202.335,11/1/2023,AYA Pay
497-36-0989,C-23-1-944,Male,Wall Clock,Home_and_lifestyle,51.94,3,7.791,163.611,5/1/2023,KBZ Pay
860-73-6466,C-23-1-945,Female,Picture Frame,Home_and_lifestyle,39.47,2,3.947,82.887,7/1/2023,AYA Pay
896-34-0956,C-23-1-946,Male,Scarf,Fashion_accessories,21.32,1,1.066,22.386,31/1/2023,Cash
804-38-3935,C-23-1-947,Male,Charger,Electronic_accessories,93.78,3,14.067,295.407,7/1/2023,Wave Pay
585-90-0249,C-23-1-948,Male,Phone Case,Electronic_accessories,73.26,1,3.663,76.923,7/1/2023,Card
125-45-2293,C-23-1-949,Female,Wall Clock,Home_and_lifestyle,99.1,6,29.73,624.33,9/1/2023,CB Pay
843-73-4724,C-23-1-950,Male,Bracelet,Fashion_accessories,74.1,1,3.705,77.805,22/1/2023,AYA Pay
409-33-9708,C-23-1-951,Female,Charger,Electronic_accessories,98.48,2,9.848,206.808,4/1/2023,Card
160-22-2687,C-23-1-952,Female,Chips,Food_and_beverages,95.95,5,23.9875,503.7375,14/1/2023,Wave Pay
748-45-2862,C-23-1-953,Female,Juice,Food_and_beverages,28.31,4,5.662,118.902,30/1/2023,Wave Pay
316-66-3011,C-23-1-954,Female,Gym Towel,Sports_and_travel,47.63,9,21.4335,450.1035,27/1/2023,KBZ Pay
840-76-5966,C-23-1-955,Male,Cookies,Food_and_beverages,12.76,2,1.276,26.796,19/1/2023,Cash
124-31-1458,C-23-1-956,Female,Backpack,Sports_and_travel,79.59,3,11.9385,250.7085,13/1/2023,KBZ Pay
852-82-2749,C-23-1-957,Male,Charger,Electronic_accessories,64.59,4,12.918,271.278,18/1/2023,Cash
873-14-6353,C-23-1-958,Male,Face Wash,Health_and_beauty,24.82,7,8.687,182.427,12/1/2023,Cash
166-19-2553,C-23-1-959,Male,Tea,Food_and_beverages,89.06,6,26.718,561.078,26/1/2023,Cash
737-88-5876,C-23-1-960,Male,Earphones,Electronic_accessories,23.29,4,4.658,97.818,19/1/2023,Wave Pay
448-61-3783,C-23-1-961,Female,Gym Towel,Sports_and_travel,90.02,8,36.008,756.168,6/1/2023,CB Pay
291-55-6563,C-23-1-962,Female,Sunscreen,Health_and_beauty,34.42,6,10.326,216.846,18/1/2023,CB Pay
548-48-3156,C-23-1-963,Female,Table Lamp,Home_and_lifestyle,83.34,2,8.334,175.014,4/1/2023,CB Pay
460-93-5834,C-23-1-964,Male,Scarf,Fashion_accessories,45.58,7,15.953,335.013,16/1/2023,Card
325-89-4209,C-23-1-965,Male,Bracelet,Fashion_accessories,87.9,1,4.395,92.295,7/1/2023,Card
884-80-6021,C-23-1-966,Female,Backpack,Sports_and_travel,73.47,10,36.735,771.435,12/1/2023,Wave Pay
880-46-5796,C-23-1-967,Male,USB Cable,Electronic_accessories,76.92,10,38.46,807.66,18/1/2023,Card
146-09-5432,C-23-1-968,Male,Water Bottle,Sports_and_travel,35.04,9,15.768,331.128,11/1/2023,AYA Pay
595-94-9924,C-23-1-969,Female,Scarf,Fashion_accessories,27.73,5,6.9325,145.5825,2/1/2023,Cash
865-41-9075,C-23-1-970,Male,Shampoo,Health_and_beauty,11.53,7,4.0355,84.7455,22/1/2023,KBZ Pay
186-71-5196,C-23-1-971,Female,Phone Case,Electronic_accessories,79.54,2,7.954,167.034,29/1/2023,Card
453-33-6436,C-23-1-972,Female,Bracelet,Fashion_accessories,93.12,8,37.248,782.208,14/1/2023,KBZ Pay
522-57-8364,C-23-1-973,Male,Wall Clock,Home_and_lifestyle,51.34,8,20.536,431.256,30/1/2023,Cash
459-45-2396,C-23-1-974,Female,Sunscreen,Health_and_beauty,99.6,3,14.94,313.74,26/1/2023,CB Pay
749-81-8133,C-23-1-975,Female,Cookies,Food_and_beverages,94.67,4,18.934,397.614,7/1/2023,AYA Pay
397-25-8725,C-23-1-976,Female,Water Bottle,Sports_and_travel,39.62,9,17.829,374.409,3/1/2023,Card
243-55-8457,C-23-1-977,Female,Bracelet,Fashion_accessories,74.44,10,37.22,781.62,19/1/2023,Wave Pay
361-85-2571,C-23-1-978,Female,Watch,Fashion_accessories,89.48,5,22.37,469.77,11/1/2023,KBZ Pay
131-70-8179,C-23-1-979,Female,Bracelet,Fashion_accessories,92.09,3,13.8135,290.0835,11/1/2023,KBZ Pay
720-72-2436,C-23-1-980,Male,Watch,Fashion_accessories,66.52,4,13.304,279.384,27/1/2023,Card
809-69-9497,C-23-1-981,Female,Backpack,Sports_and_travel,45.68,10,22.84,479.64,6/1/2023,AYA Pay
449-16-6770,C-23-1-982,Male,Power Bank,Electronic_accessories,50.79,5,12.6975,266.6475,18/1/2023,Cash
333-23-2632,C-23-1-983,Male,Watch,Fashion_accessories,10.08,7,3.528,74.088,28/1/2023,Wave Pay
489-82-1237,C-23-1-984,Female,Phone Case,Electronic_accessories,93.88,7,32.858,690.018,6/1/2023,CB Pay
846-10-0341,C-23-1-985,Female,Water Bottle,Sports_and_travel,42.57,7,14.8995,312.8895,17/1/2023,CB Pay
384-59-6655,C-23-1-986,Female,Bracelet,Fashion_accessories,98.66,9,44.397,932.337,5/1/2023,KBZ Pay
324-92-3863,C-23-1-987,Male,Charger,Electronic_accessories,20.89,2,2.089,43.869,29/1/2023,Cash
593-08-5916,C-23-1-988,Female,Cushion,Home_and_lifestyle,15.5,1,0.775,16.275,6/1/2023,Card
558-60-5016,C-23-1-989,Female,Hat,Fashion_accessories,33.3,9,14.985,314.685,22/1/2023,CB Pay
195-06-0432,C-23-1-990,Male,Cushion,Home_and_lifestyle,81.01,3,12.1515,255.1815,13/1/2023,KBZ Pay
605-03-2706,C-23-1-991,Female,Wall Clock,Home_and_lifestyle,15.8,3,2.37,49.77,16/1/2023,Cash
531-56-4728,C-23-1-992,Male,Coffee,Food_and_beverages,80.08,3,12.012,252.252,28/1/2023,AYA Pay
221-25-5073,C-23-1-993,Female,Sunscreen,Health_and_beauty,74.66,4,14.932,313.572,14/1/2023,Cash
809-46-1866,C-23-1-994,Male,Watch,Fashion_accessories,58.15,4,11.63,244.23,2/1/2023,Wave Pay
139-32-4183,C-23-1-995,Female,Sunscreen,Health_and_beauty,97.48,9,43.866,921.186,30/1/2023,Cash
886-18-2897,C-23-1-996,Female,Water Bottle,Sports_and_travel,56.56,5,14.14,296.94,28/1/2023,KBZ Pay
745-74-0715,C-23-1-997,Male,Chips,Food_and_beverages,58.03,2,5.803,121.863,10/1/2023,KBZ Pay
727-02-1313,C-23-1-998,Male,Cookies,Food_and_beverages,31.84,1,1.592,33.432,21/1/2023,Cash
347-56-2442,C-23-1-999,Male,Water Bottle,Sports_and_travel,65.82,1,3.291,69.111,22/1/2023,Wave Pay
849-09-3807,C-23-1-1000,Female,Scarf,Fashion_accessories,88.34,7,30.919,649.299,20/1/2023,Card
