Invoice ID,Customer ID,Gender,Product_Name,Category,Unit price,Quantity,Tax 5%,Total,Date,Payment_Method
179-96-5393,C-23-11-345,Male,Gym Towel,Sports_and_travel,79.14,1,3.957,83.097,09/11/2023,AYA Pay
773-10-5484,C-23-11-962,Female,Hat,Fashion_accessories,28.51,3,4.277,89.807,12/11/2023,AYA Pay
565-77-9571,C-23-11-16,Male,Body Lotion,Health_and_beauty,30.87,3,4.631,97.241,29/11/2023,KBZ Pay
404-82-2444,C-23-11-57,Male,Scarf,Fashion_accessories,17.24,8,6.896,144.816,30/11/2023,Cash
893-92-1469,C-23-11-971,Female,Shampoo,Health_and_beauty,39.62,5,9.905,208.005,16/11/2023,Wave Pay
847-21-4995,C-23-11-968,Male,Juice,Food_and_beverages,99.78,8,39.912,838.152,14/11/2023,Wave Pay
791-50-7643,C-23-11-183,Male,Tea,Food_and_beverages,56.48,1,2.824,59.304,21/11/2023,AYA Pay
314-88-9126,C-23-11-498,Female,Gym Towel,Sports_and_travel,92.77,8,37.108,779.268,01/11/2023,Wave Pay
356-68-5750,C-23-11-633,Male,Shampoo,Health_and_beauty,52.54,2,5.254,110.334,11/11/2023,CB Pay
780-38-2468,C-23-11-21,Female,Bracelet,Fashion_accessories,21.81,8,8.724,183.204,10/11/2023,Cash
832-38-2409,C-23-11-179,Male,Charger,Electronic_accessories,51.67,4,10.334,217.014,26/11/2023,CB Pay
460-86-4176,C-23-11-187,Female,Phone Case,Electronic_accessories,60.75,2,6.075,127.575,24/11/2023,Cash
315-10-7411,C-23-11-668,Male,Hat,Fashion_accessories,49.36,5,12.34,259.14,05/11/2023,Card
118-27-7926,C-23-11-208,Male,Body Lotion,Health_and_beauty,76.8,8,30.72,645.12,05/11/2023,KBZ Pay
368-73-7225,C-23-11-755,Female,Earphones,Electronic_accessories,46.15,10,23.075,484.575,23/11/2023,Cash
825-99-8494,C-23-11-975,Female,Phone Case,Electronic_accessories,99.57,4,19.914,418.194,24/11/2023,Wave Pay
462-74-2348,C-23-11-245,Female,Table Lamp,Home_and_lifestyle,62.86,7,22.001,462.021,19/11/2023,Cash
953-84-7769,C-23-11-666,Female,Watch,Fashion_accessories,59.75,2,5.975,125.475,11/11/2023,AYA Pay
336-19-6563,C-23-11-510,Male,Gym Towel,Sports_and_travel,35.19,4,7.038,147.798,01/11/2023,Cash
380-54-5972,C-23-11-861,Female,Watch,Fashion_accessories,79.03,6,23.709,497.889,06/11/2023,KBZ Pay
215-81-1865,C-23-11-137,Female,Power Bank,Electronic_accessories,81.54,9,36.693,770.553,15/11/2023,Card
838-83-5850,C-23-11-761,Male,Bracelet,Fashion_accessories,26.51,4,5.302,111.342,12/11/2023,KBZ Pay
991-23-8806,C-23-11-218,Male,Gym Towel,Sports_and_travel,62.29,1,3.115,65.405,19/11/2023,Cash
475-18-1205,C-23-11-595,Female,Wall Clock,Home_and_lifestyle,83.3,5,20.825,437.325,10/11/2023,Card
908-79-2665,C-23-11-332,Female,Scarf,Fashion_accessories,45.22,10,22.61,474.81,30/11/2023,Cash
581-70-5333,C-23-11-605,Male,Scarf,Fashion_accessories,18.7,10,9.35,196.35,05/11/2023,Wave Pay
818-77-5663,C-23-11-671,Female,Chips,Food_and_beverages,63.4,8,25.36,532.56,19/11/2023,AYA Pay
751-66-7965,C-23-11-949,Male,Candles,Home_and_lifestyle,13.2,6,3.96,83.16,04/11/2023,AYA Pay
974-20-8470,C-23-11-671,Female,Gym Towel,Sports_and_travel,20.17,8,8.068,169.428,29/11/2023,CB Pay
963-95-5443,C-23-11-448,Male,Gym Towel,Sports_and_travel,10.75,2,1.075,22.575,20/11/2023,CB Pay
522-16-4687,C-23-11-452,Male,Candles,Home_and_lifestyle,29.82,6,8.946,187.866,12/11/2023,Wave Pay
277-54-3650,C-23-11-425,Female,Bracelet,Fashion_accessories,88.96,2,8.896,186.816,17/11/2023,Cash
167-74-2785,C-23-11-147,Female,Juice,Food_and_beverages,25.53,8,10.212,214.452,24/11/2023,Cash
110-90-7803,C-23-11-957,Male,Sunscreen,Health_and_beauty,42.44,9,19.098,401.058,04/11/2023,Cash
984-83-2622,C-23-11-699,Female,Sunscreen,Health_and_beauty,19.39,2,1.939,40.719,09/11/2023,Cash
937-19-4591,C-23-11-687,Female,Shampoo,Health_and_beauty,53.28,4,10.656,223.776,14/11/2023,Card
632-53-5659,C-23-11-676,Male,Hat,Fashion_accessories,97.56,3,14.634,307.314,22/11/2023,Card
119-18-6181,C-23-11-383,Female,Bracelet,Fashion_accessories,34.31,5,8.578,180.128,29/11/2023,CB Pay
855-63-7058,C-23-11-438,Female,Wall Clock,Home_and_lifestyle,49.88,9,22.446,471.366,28/11/2023,CB Pay
917-22-5345,C-23-11-883,Male,Chips,Food_and_beverages,19.74,9,8.883,186.543,25/11/2023,AYA Pay
785-92-2074,C-23-11-644,Female,Backpack,Sports_and_travel,94.39,1,4.72,99.11,25/11/2023,AYA Pay
888-90-2828,C-23-11-693,Female,Coffee,Food_and_beverages,74.1,7,25.935,544.635,04/11/2023,KBZ Pay
462-58-2581,C-23-11-135,Female,Lip Balm,Health_and_beauty,53.07,6,15.921,334.341,24/11/2023,CB Pay
600-30-4036,C-23-11-484,Male,Backpack,Sports_and_travel,39.4,7,13.79,289.59,26/11/2023,Wave Pay
874-48-2894,C-23-11-157,Male,Juice,Food_and_beverages,52.07,5,13.018,273.368,11/11/2023,CB Pay
861-25-8688,C-23-11-723,Female,Wall Clock,Home_and_lifestyle,40.03,4,8.006,168.126,18/11/2023,AYA Pay
191-93-5549,C-23-11-650,Female,Table Lamp,Home_and_lifestyle,66.49,5,16.622,349.072,04/11/2023,AYA Pay
810-96-7754,C-23-11-358,Male,Sunscreen,Health_and_beauty,99.56,9,44.802,940.842,06/11/2023,CB Pay
129-91-8422,C-23-11-460,Male,Lip Balm,Health_and_beauty,94.9,9,42.705,896.805,18/11/2023,CB Pay
166-60-2673,C-23-11-965,Female,Earphones,Electronic_accessories,93.12,1,4.656,97.776,06/11/2023,AYA Pay
162-61-5316,C-23-11-118,Male,Wall Clock,Home_and_lifestyle,51.65,3,7.747,162.697,08/11/2023,AYA Pay
387-77-8954,C-23-11-257,Female,Yoga Mat,Sports_and_travel,66.49,6,19.947,418.887,30/11/2023,KBZ Pay
451-21-4709,C-23-11-524,Female,Lip Balm,Health_and_beauty,32.86,1,1.643,34.503,07/11/2023,Card
926-60-7222,C-23-11-13,Male,Scarf,Fashion_accessories,33.0,3,4.95,103.95,13/11/2023,AYA Pay
542-62-4979,C-23-11-953,Male,Juice,Food_and_beverages,32.47,6,9.741,204.561,28/11/2023,Card
704-80-9165,C-23-11-529,Female,Table Lamp,Home_and_lifestyle,79.44,10,39.72,834.12,15/11/2023,Card
258-77-1192,C-23-11-18,Male,Table Lamp,Home_and_lifestyle,49.38,4,9.876,207.396,04/11/2023,AYA Pay
496-60-3574,C-23-11-847,Male,Chips,Food_and_beverages,44.38,2,4.438,93.198,30/11/2023,Wave Pay
897-29-7435,C-23-11-149,Male,Water Bottle,Sports_and_travel,86.66,8,34.664,727.944,28/11/2023,Card
185-53-5414,C-23-11-157,Male,Table Lamp,Home_and_lifestyle,21.76,8,8.704,182.784,06/11/2023,AYA Pay
876-72-7753,C-23-11-908,Male,Earphones,Electronic_accessories,37.7,8,15.08,316.68,24/11/2023,Wave Pay
325-20-9895,C-23-11-165,Male,Backpack,Sports_and_travel,55.97,2,5.597,117.537,09/11/2023,Wave Pay
129-72-6331,C-23-11-909,Female,Gym Towel,Sports_and_travel,22.69,5,5.673,119.123,27/11/2023,Card
725-72-8239,C-23-11-767,Male,Chips,Food_and_beverages,76.49,1,3.825,80.315,20/11/2023,Wave Pay
397-28-4579,C-23-11-290,Female,Bracelet,Fashion_accessories,65.15,9,29.318,615.668,29/11/2023,Wave Pay
629-68-6205,C-23-11-742,Male,USB Cable,Electronic_accessories,79.1,1,3.955,83.055,10/11/2023,CB Pay
606-70-4752,C-23-11-406,Male,Running Shoes,Sports_and_travel,39.34,2,3.934,82.614,24/11/2023,KBZ Pay
238-83-2099,C-23-11-554,Female,Juice,Food_and_beverages,90.72,9,40.824,857.304,15/11/2023,KBZ Pay
749-20-8682,C-23-11-407,Female,Earphones,Electronic_accessories,76.47,6,22.941,481.761,26/11/2023,Card
513-94-6442,C-23-11-375,Male,Bracelet,Fashion_accessories,46.9,6,14.07,295.47,27/11/2023,Wave Pay
140-57-8123,C-23-11-6,Male,Running Shoes,Sports_and_travel,98.07,3,14.71,308.92,26/11/2023,Cash
999-83-7160,C-23-11-944,Male,Chips,Food_and_beverages,64.37,3,9.656,202.766,08/11/2023,Cash
133-93-1207,C-23-11-671,Male,Yoga Mat,Sports_and_travel,26.9,4,5.38,112.98,12/11/2023,AYA Pay
802-85-1779,C-23-11-662,Female,Yoga Mat,Sports_and_travel,53.1,7,18.585,390.285,15/11/2023,Card
680-83-8439,C-23-11-341,Female,Juice,Food_and_beverages,57.15,4,11.43,240.03,15/11/2023,Cash
903-82-7018,C-23-11-292,Male,Scarf,Fashion_accessories,69.03,7,24.161,507.371,07/11/2023,Cash
959-20-3992,C-23-11-353,Male,Yoga Mat,Sports_and_travel,62.76,5,15.69,329.49,03/11/2023,CB Pay
924-99-4554,C-23-11-321,Male,Candles,Home_and_lifestyle,74.36,3,11.154,234.234,25/11/2023,CB Pay
139-84-2834,C-23-11-405,Female,Backpack,Sports_and_travel,93.94,3,14.091,295.911,15/11/2023,KBZ Pay
691-29-5589,C-23-11-237,Male,Table Lamp,Home_and_lifestyle,64.16,9,28.872,606.312,23/11/2023,AYA Pay
125-35-2195,C-23-11-861,Female,Backpack,Sports_and_travel,78.34,1,3.917,82.257,30/11/2023,Cash
213-42-5788,C-23-11-102,Female,Running Shoes,Sports_and_travel,48.38,10,24.19,507.99,02/11/2023,KBZ Pay
632-34-9065,C-23-11-99,Male,Cookies,Food_and_beverages,46.75,2,4.675,98.175,24/11/2023,KBZ Pay
148-73-4256,C-23-11-556,Male,Water Bottle,Sports_and_travel,68.18,4,13.636,286.356,25/11/2023,Wave Pay
323-60-1986,C-23-11-521,Female,USB Cable,Electronic_accessories,56.22,9,25.299,531.279,10/11/2023,Wave Pay
878-87-6939,C-23-11-532,Male,Cookies,Food_and_beverages,73.25,5,18.312,384.562,09/11/2023,CB Pay
973-36-5640,C-23-11-577,Male,Watch,Fashion_accessories,19.93,4,3.986,83.706,11/11/2023,Cash
422-25-8165,C-23-11-291,Female,Chips,Food_and_beverages,66.94,4,13.388,281.148,20/11/2023,CB Pay
477-99-4625,C-23-11-244,Female,Yoga Mat,Sports_and_travel,73.05,9,32.872,690.322,17/11/2023,Cash
520-32-2846,C-23-11-850,Male,Power Bank,Electronic_accessories,94.39,5,23.598,495.548,22/11/2023,CB Pay
494-30-2441,C-23-11-622,Male,Wall Clock,Home_and_lifestyle,92.94,6,27.882,585.522,20/11/2023,Cash
322-24-3637,C-23-11-149,Female,Picture Frame,Home_and_lifestyle,73.57,9,33.106,695.236,02/11/2023,KBZ Pay
136-44-1605,C-23-11-523,Female,Cookies,Food_and_beverages,94.9,6,28.47,597.87,23/11/2023,Card
630-43-5463,C-23-11-850,Female,Sunscreen,Health_and_beauty,51.02,2,5.102,107.142,29/11/2023,CB Pay
979-17-4332,C-23-11-788,Female,Picture Frame,Home_and_lifestyle,10.11,10,5.055,106.155,27/11/2023,Cash
877-89-8918,C-23-11-817,Male,Yoga Mat,Sports_and_travel,48.41,9,21.784,457.474,30/11/2023,Wave Pay
278-53-7338,C-23-11-888,Male,Juice,Food_and_beverages,21.68,4,4.336,91.056,19/11/2023,Cash
804-42-5832,C-23-11-631,Female,Tea,Food_and_beverages,35.57,3,5.336,112.046,19/11/2023,KBZ Pay
955-10-6501,C-23-11-152,Female,Juice,Food_and_beverages,98.1,7,34.335,721.035,04/11/2023,KBZ Pay
445-15-9986,C-23-11-743,Female,Chips,Food_and_beverages,97.73,6,29.319,615.699,16/11/2023,AYA Pay
