Invoice ID,Customer ID,Gender,Product_Name,Category,Unit price,Quantity,Tax 5%,Total,Date,Payment_Method
631-38-1313,C-23-5-234,Male,Face Wash,Health_and_beauty,57.3,1,2.865,60.165,18/05/2023,Card
678-32-7309,C-23-5-421,Female,Backpack,Sports_and_travel,30.06,7,10.521,220.941,24/05/2023,CB Pay
676-48-6523,C-23-5-243,Male,Bracelet,Fashion_accessories,77.56,9,34.902,732.942,06/05/2023,Card
279-57-1370,C-23-5-195,Male,Yoga Mat,Sports_and_travel,31.22,10,15.61,327.81,04/05/2023,CB Pay
118-53-5970,C-23-5-768,Male,Gym Towel,Sports_and_travel,69.89,4,13.978,293.538,04/05/2023,Cash
857-56-7313,C-23-5-261,Female,Bracelet,Fashion_accessories,89.93,3,13.49,283.28,04/05/2023,Cash
768-97-8330,C-23-5-171,Male,Coffee,Food_and_beverages,66.95,2,6.695,140.595,31/05/2023,KBZ Pay
151-35-2714,C-23-5-628,Male,Shampoo,Health_and_beauty,60.08,7,21.028,441.588,27/05/2023,Cash
335-55-1562,C-23-5-683,Female,Face Wash,Health_and_beauty,16.83,8,6.732,141.372,19/05/2023,Cash
109-49-9516,C-23-5-266,Female,Lip Balm,Health_and_beauty,36.87,10,18.435,387.135,12/05/2023,Cash
597-57-5047,C-23-5-597,Female,Chips,Food_and_beverages,71.88,5,17.97,377.37,20/05/2023,Card
480-96-3838,C-23-5-980,Male,Backpack,Sports_and_travel,79.54,7,27.839,584.619,20/05/2023,AYA Pay
449-83-3962,C-23-5-629,Male,Scarf,Fashion_accessories,78.51,3,11.777,247.307,23/05/2023,Card
812-52-6899,C-23-5-159,Male,Sunscreen,Health_and_beauty,45.53,8,18.212,382.452,26/05/2023,CB Pay
704-30-7859,C-23-5-449,Female,Water Bottle,Sports_and_travel,17.23,1,0.862,18.092,28/05/2023,KBZ Pay
297-36-3983,C-23-5-774,Male,Watch,Fashion_accessories,99.35,8,39.74,834.54,27/05/2023,Wave Pay
199-54-6757,C-23-5-122,Female,Yoga Mat,Sports_and_travel,14.43,7,5.05,106.06,30/05/2023,AYA Pay
231-33-2174,C-23-5-628,Male,Coffee,Food_and_beverages,67.56,1,3.378,70.938,10/05/2023,Card
401-45-8642,C-23-5-537,Male,Yoga Mat,Sports_and_travel,86.02,4,17.204,361.284,04/05/2023,Card
858-68-3324,C-23-5-213,Male,Watch,Fashion_accessories,32.93,3,4.939,103.729,23/05/2023,KBZ Pay
211-38-4791,C-23-5-531,Male,Juice,Food_and_beverages,61.52,5,15.38,322.98,23/05/2023,AYA Pay
950-77-9154,C-23-5-651,Female,Body Lotion,Health_and_beauty,79.06,8,31.624,664.104,27/05/2023,Card
692-19-3172,C-23-5-61,Female,Power Bank,Electronic_accessories,63.62,9,28.629,601.209,07/05/2023,AYA Pay
195-25-5824,C-23-5-652,Male,Backpack,Sports_and_travel,65.91,7,23.069,484.439,05/05/2023,KBZ Pay
786-20-8543,C-23-5-866,Female,Hat,Fashion_accessories,19.44,8,7.776,163.296,22/05/2023,Wave Pay
488-33-5459,C-23-5-260,Female,Charger,Electronic_accessories,91.12,10,45.56,956.76,27/05/2023,Wave Pay
492-15-1851,C-23-5-727,Female,Face Wash,Health_and_beauty,45.1,3,6.765,142.065,21/05/2023,Card
750-81-8819,C-23-5-951,Female,Hat,Fashion_accessories,92.55,7,32.393,680.243,02/05/2023,AYA Pay
985-34-5781,C-23-5-495,Male,Chips,Food_and_beverages,85.9,5,21.475,450.975,14/05/2023,Cash
153-39-8665,C-23-5-953,Female,Table Lamp,Home_and_lifestyle,35.81,1,1.791,37.601,30/05/2023,Wave Pay
941-68-3979,C-23-5-642,Female,Watch,Fashion_accessories,90.69,7,31.741,666.571,10/05/2023,CB Pay
392-40-7244,C-23-5-510,Female,Tea,Food_and_beverages,92.09,10,46.045,966.945,13/05/2023,CB Pay
180-96-2131,C-23-5-13,Male,Candles,Home_and_lifestyle,47.39,7,16.587,348.317,06/05/2023,KBZ Pay
456-36-3579,C-23-5-520,Female,Backpack,Sports_and_travel,73.5,1,3.675,77.175,17/05/2023,Cash
890-87-4770,C-23-5-58,Male,Cookies,Food_and_beverages,75.42,8,30.168,633.528,20/05/2023,KBZ Pay
174-70-5426,C-23-5-553,Female,Table Lamp,Home_and_lifestyle,53.24,7,18.634,391.314,03/05/2023,KBZ Pay
228-39-5916,C-23-5-377,Male,Candles,Home_and_lifestyle,32.04,6,9.612,201.852,19/05/2023,Cash
269-67-3778,C-23-5-209,Female,Backpack,Sports_and_travel,56.61,5,14.153,297.203,23/05/2023,KBZ Pay
838-37-7625,C-23-5-253,Female,Watch,Fashion_accessories,79.49,8,31.796,667.716,04/05/2023,Cash
912-31-9227,C-23-5-618,Female,Coffee,Food_and_beverages,27.07,8,10.828,227.388,22/05/2023,CB Pay
755-63-8844,C-23-5-220,Female,Picture Frame,Home_and_lifestyle,19.83,4,3.966,83.286,25/05/2023,KBZ Pay
129-85-7101,C-23-5-125,Female,Face Wash,Health_and_beauty,46.52,9,20.934,439.614,24/05/2023,Cash
392-33-6405,C-23-5-144,Male,Phone Case,Electronic_accessories,79.67,8,31.868,669.228,16/05/2023,Wave Pay
481-22-4040,C-23-5-814,Male,Watch,Fashion_accessories,97.99,8,39.196,823.116,04/05/2023,CB Pay
958-32-6181,C-23-5-122,Male,Coffee,Food_and_beverages,16.51,3,2.477,52.007,12/05/2023,AYA Pay
493-99-6872,C-23-5-374,Female,Shampoo,Health_and_beauty,20.17,9,9.077,190.607,23/05/2023,AYA Pay
564-61-2198,C-23-5-105,Female,Backpack,Sports_and_travel,60.79,9,27.356,574.466,24/05/2023,CB Pay
316-51-3014,C-23-5-257,Male,Body Lotion,Health_and_beauty,95.51,1,4.776,100.286,08/05/2023,Card
148-46-9223,C-23-5-827,Female,Gym Towel,Sports_and_travel,66.46,1,3.323,69.783,22/05/2023,Card
463-62-6407,C-23-5-851,Female,Hat,Fashion_accessories,59.02,3,8.853,185.913,27/05/2023,Cash
207-24-3087,C-23-5-985,Female,Gym Towel,Sports_and_travel,73.63,2,7.363,154.623,02/05/2023,Cash
881-86-4187,C-23-5-374,Male,Table Lamp,Home_and_lifestyle,47.48,10,23.74,498.54,12/05/2023,CB Pay
170-14-7586,C-23-5-269,Female,USB Cable,Electronic_accessories,44.89,5,11.223,235.673,02/05/2023,AYA Pay
661-35-2221,C-23-5-65,Female,Picture Frame,Home_and_lifestyle,30.7,1,1.535,32.235,25/05/2023,Card
262-78-3045,C-23-5-271,Male,Water Bottle,Sports_and_travel,55.17,9,24.827,521.357,15/05/2023,KBZ Pay
961-40-6544,C-23-5-644,Male,Power Bank,Electronic_accessories,66.69,8,26.676,560.196,06/05/2023,Card
917-52-7767,C-23-5-48,Male,Bracelet,Fashion_accessories,14.8,6,4.44,93.24,02/05/2023,AYA Pay
401-13-7942,C-23-5-701,Female,Scarf,Fashion_accessories,26.01,7,9.104,191.174,11/05/2023,Wave Pay
261-53-7136,C-23-5-107,Male,Scarf,Fashion_accessories,20.86,2,2.086,43.806,17/05/2023,CB Pay
181-54-4132,C-23-5-235,Male,Wall Clock,Home_and_lifestyle,51.08,10,25.54,536.34,28/05/2023,KBZ Pay
941-16-7497,C-23-5-699,Male,Table Lamp,Home_and_lifestyle,66.85,2,6.685,140.385,03/05/2023,Wave Pay
108-61-4911,C-23-5-484,Female,Earphones,Electronic_accessories,74.49,2,7.449,156.429,21/05/2023,Wave Pay
628-12-2617,C-23-5-135,Female,Scarf,Fashion_accessories,35.75,8,14.3,300.3,08/05/2023,Wave Pay
904-37-8222,C-23-5-363,Female,Table Lamp,Home_and_lifestyle,83.17,2,8.317,174.657,16/05/2023,Cash
201-90-4916,C-23-5-115,Male,Hat,Fashion_accessories,33.26,10,16.63,349.23,23/05/2023,KBZ Pay
892-16-7317,C-23-5-396,Female,Watch,Fashion_accessories,79.39,9,35.726,750.236,08/05/2023,AYA Pay
294-60-6208,C-23-5-464,Male,Bracelet,Fashion_accessories,85.2,8,34.08,715.68,28/05/2023,KBZ Pay
477-54-4546,C-23-5-225,Female,Power Bank,Electronic_accessories,31.59,10,15.795,331.695,24/05/2023,Wave Pay
181-71-9034,C-23-5-81,Female,Hat,Fashion_accessories,26.34,6,7.902,165.942,01/05/2023,Wave Pay
589-56-3467,C-23-5-323,Male,Sunscreen,Health_and_beauty,53.28,4,10.656,223.776,17/05/2023,KBZ Pay
778-45-8710,C-23-5-280,Male,Phone Case,Electronic_accessories,78.74,6,23.622,496.062,11/05/2023,Wave Pay
994-13-6293,C-23-5-71,Male,Coffee,Food_and_beverages,90.39,2,9.039,189.819,04/05/2023,Cash
293-70-2388,C-23-5-862,Female,Power Bank,Electronic_accessories,46.14,4,9.228,193.788,12/05/2023,CB Pay
753-44-6480,C-23-5-527,Female,Tea,Food_and_beverages,83.31,1,4.166,87.476,12/05/2023,Wave Pay
508-93-7116,C-23-5-280,Female,Lip Balm,Health_and_beauty,41.33,7,14.466,303.776,20/05/2023,Cash
572-90-8862,C-23-5-703,Male,Tea,Food_and_beverages,58.1,7,20.335,427.035,28/05/2023,Cash
760-44-8851,C-23-5-312,Female,Shampoo,Health_and_beauty,62.82,9,28.269,593.649,21/05/2023,Wave Pay
641-34-8354,C-23-5-822,Male,Chips,Food_and_beverages,57.09,8,22.836,479.556,08/05/2023,CB Pay
544-88-2073,C-23-5-176,Male,Picture Frame,Home_and_lifestyle,12.59,7,4.407,92.537,31/05/2023,KBZ Pay
332-37-4385,C-23-5-591,Male,Lip Balm,Health_and_beauty,59.49,3,8.924,187.394,29/05/2023,CB Pay
491-88-2031,C-23-5-966,Female,Watch,Fashion_accessories,12.71,6,3.813,80.073,30/05/2023,CB Pay
250-43-1256,C-23-5-853,Male,Hat,Fashion_accessories,69.56,10,34.78,730.38,25/05/2023,AYA Pay
651-21-6127,C-23-5-455,Female,Body Lotion,Health_and_beauty,63.16,5,15.79,331.59,10/05/2023,Cash
303-28-3652,C-23-5-487,Male,Running Shoes,Sports_and_travel,89.29,10,44.645,937.545,28/05/2023,KBZ Pay
732-78-5752,C-23-5-93,Male,Picture Frame,Home_and_lifestyle,81.29,6,24.387,512.127,24/05/2023,Card
269-92-3525,C-23-5-696,Male,Hat,Fashion_accessories,42.5,2,4.25,89.25,14/05/2023,Cash
761-53-8841,C-23-5-887,Female,Charger,Electronic_accessories,16.23,10,8.115,170.415,24/05/2023,KBZ Pay
756-85-1405,C-23-5-397,Female,Backpack,Sports_and_travel,67.7,9,30.465,639.765,06/05/2023,Card
438-19-9927,C-23-5-57,Male,Hat,Fashion_accessories,34.39,8,13.756,288.876,09/05/2023,CB Pay
101-51-8679,C-23-5-593,Female,Candles,Home_and_lifestyle,25.63,3,3.845,80.735,30/05/2023,Card
809-85-9999,C-23-5-701,Male,Bracelet,Fashion_accessories,60.28,3,9.042,189.882,06/05/2023,Card
264-64-6435,C-23-5-670,Female,Wall Clock,Home_and_lifestyle,66.2,2,6.62,139.02,03/05/2023,Card
397-33-4390,C-23-5-122,Female,Lip Balm,Health_and_beauty,64.0,3,9.6,201.6,04/05/2023,KBZ Pay
708-70-2712,C-23-5-569,Male,Gym Towel,Sports_and_travel,95.89,1,4.795,100.685,11/05/2023,Card
578-10-9380,C-23-5-159,Female,Coffee,Food_and_beverages,58.75,10,29.375,616.875,07/05/2023,CB Pay
740-48-1828,C-23-5-286,Female,Watch,Fashion_accessories,33.02,5,8.255,173.355,23/05/2023,CB Pay
825-97-5374,C-23-5-398,Male,Table Lamp,Home_and_lifestyle,26.77,5,6.692,140.542,10/05/2023,AYA Pay
283-69-2826,C-23-5-237,Male,Lip Balm,Health_and_beauty,58.38,7,20.433,429.093,03/05/2023,Card
101-71-4448,C-23-5-621,Male,Gym Towel,Sports_and_travel,61.99,8,24.796,520.716,13/05/2023,CB Pay
921-98-1437,C-23-5-894,Male,Table Lamp,Home_and_lifestyle,45.16,6,13.548,284.508,30/05/2023,Wave Pay
