Invoice ID,Customer ID,Gender,Product_Name,Category,Unit price,Quantity,Tax 5%,Total,Date,Payment_Method
767-38-2014,C-23-6-861,Male,Scarf,Fashion_accessories,22.46,2,2.246,47.166,23/06/2023,Wave Pay
100-24-1966,C-23-6-332,Female,Shampoo,Health_and_beauty,26.93,5,6.733,141.383,14/06/2023,Cash
661-63-5122,C-23-6-718,Male,Table Lamp,Home_and_lifestyle,27.29,2,2.729,57.309,16/06/2023,Cash
393-20-5319,C-23-6-11,Male,Running Shoes,Sports_and_travel,43.99,7,15.397,323.327,06/06/2023,Cash
124-20-7433,C-23-6-562,Female,Face Wash,Health_and_beauty,39.33,3,5.899,123.889,30/06/2023,Cash
502-39-7928,C-23-6-52,Male,USB Cable,Electronic_accessories,49.17,5,12.293,258.143,17/06/2023,AYA Pay
116-23-5206,C-23-6-932,Female,Watch,Fashion_accessories,49.1,3,7.365,154.665,16/06/2023,KBZ Pay
525-18-3744,C-23-6-887,Male,Yoga Mat,Sports_and_travel,62.33,5,15.582,327.232,02/06/2023,Wave Pay
444-96-3935,C-23-6-729,Female,Tea,Food_and_beverages,27.78,8,11.112,233.352,07/06/2023,Card
818-98-4291,C-23-6-20,Female,Backpack,Sports_and_travel,71.65,3,10.748,225.698,14/06/2023,Cash
501-93-9670,C-23-6-934,Female,Power Bank,Electronic_accessories,18.49,9,8.321,174.731,06/06/2023,Card
542-19-9903,C-23-6-519,Male,Cushion,Home_and_lifestyle,76.38,4,15.276,320.796,01/06/2023,KBZ Pay
788-97-7643,C-23-6-759,Female,Candles,Home_and_lifestyle,97.08,4,19.416,407.736,25/06/2023,CB Pay
666-83-1424,C-23-6-142,Male,Earphones,Electronic_accessories,23.06,1,1.153,24.213,23/06/2023,KBZ Pay
609-67-9573,C-23-6-792,Male,Lip Balm,Health_and_beauty,47.5,8,19.0,399.0,20/06/2023,Wave Pay
997-14-2158,C-23-6-415,Male,Tea,Food_and_beverages,22.75,7,7.963,167.213,04/06/2023,KBZ Pay
178-58-1365,C-23-6-872,Male,Watch,Fashion_accessories,44.5,6,13.35,280.35,07/06/2023,Wave Pay
491-10-9184,C-23-6-154,Female,Phone Case,Electronic_accessories,58.39,4,11.678,245.238,20/06/2023,CB Pay
130-34-3674,C-23-6-788,Male,USB Cable,Electronic_accessories,13.69,5,3.423,71.873,26/06/2023,KBZ Pay
954-34-5560,C-23-6-589,Female,Picture Frame,Home_and_lifestyle,55.88,8,22.352,469.392,25/06/2023,KBZ Pay
767-88-5328,C-23-6-546,Female,Body Lotion,Health_and_beauty,15.7,10,7.85,164.85,28/06/2023,Cash
947-93-9809,C-23-6-729,Female,Tea,Food_and_beverages,39.81,9,17.915,376.205,13/06/2023,KBZ Pay
499-62-3105,C-23-6-731,Male,Yoga Mat,Sports_and_travel,93.73,8,37.492,787.332,03/06/2023,CB Pay
336-95-7011,C-23-6-112,Male,Tea,Food_and_beverages,42.71,1,2.135,44.845,14/06/2023,CB Pay
202-80-3847,C-23-6-449,Female,Tea,Food_and_beverages,40.34,4,8.068,169.428,26/06/2023,KBZ Pay
832-78-5446,C-23-6-307,Female,Sunglasses,Fashion_accessories,13.32,9,5.994,125.874,30/06/2023,Wave Pay
292-85-7942,C-23-6-906,Female,Yoga Mat,Sports_and_travel,53.53,6,16.059,337.239,29/06/2023,Cash
600-53-3736,C-23-6-78,Female,Shampoo,Health_and_beauty,61.36,5,15.34,322.14,24/06/2023,Wave Pay
263-42-5351,C-23-6-989,Female,Wall Clock,Home_and_lifestyle,36.49,5,9.123,191.573,30/06/2023,Card
538-66-3598,C-23-6-609,Female,Cushion,Home_and_lifestyle,90.7,9,40.815,857.115,04/06/2023,AYA Pay
789-78-4931,C-23-6-161,Male,Power Bank,Electronic_accessories,62.96,1,3.148,66.108,08/06/2023,AYA Pay
262-69-6812,C-23-6-728,Female,Body Lotion,Health_and_beauty,14.84,5,3.71,77.91,26/06/2023,KBZ Pay
251-94-4565,C-23-6-998,Male,Wall Clock,Home_and_lifestyle,49.51,4,9.902,207.942,25/06/2023,Card
825-94-8617,C-23-6-691,Male,Phone Case,Electronic_accessories,54.58,1,2.729,57.309,15/06/2023,CB Pay
101-27-6414,C-23-6-955,Male,Backpack,Sports_and_travel,73.08,6,21.924,460.404,09/06/2023,Wave Pay
592-73-8449,C-23-6-455,Male,Chips,Food_and_beverages,95.27,8,38.108,800.268,26/06/2023,AYA Pay
296-18-5668,C-23-6-534,Male,Picture Frame,Home_and_lifestyle,86.88,8,34.752,729.792,10/06/2023,Card
782-67-8542,C-23-6-409,Female,Sunglasses,Fashion_accessories,19.98,9,8.991,188.811,29/06/2023,Cash
457-46-1842,C-23-6-45,Female,Charger,Electronic_accessories,16.23,3,2.434,51.124,07/06/2023,Cash
900-68-3356,C-23-6-967,Male,Watch,Fashion_accessories,93.96,8,37.584,789.264,06/06/2023,KBZ Pay
902-81-3340,C-23-6-435,Male,Face Wash,Health_and_beauty,88.67,7,31.035,651.725,02/06/2023,CB Pay
453-24-3949,C-23-6-845,Female,Running Shoes,Sports_and_travel,59.5,9,26.775,562.275,14/06/2023,Cash
752-57-5474,C-23-6-366,Male,Candles,Home_and_lifestyle,18.27,10,9.135,191.835,10/06/2023,Wave Pay
292-35-6288,C-23-6-443,Female,Body Lotion,Health_and_beauty,65.96,3,9.894,207.774,10/06/2023,Card
242-31-1897,C-23-6-871,Male,Yoga Mat,Sports_and_travel,52.87,5,13.217,277.567,08/06/2023,Cash
682-85-4575,C-23-6-876,Female,Cookies,Food_and_beverages,21.94,2,2.194,46.074,20/06/2023,CB Pay
589-83-9018,C-23-6-537,Female,Scarf,Fashion_accessories,92.89,6,27.867,585.207,28/06/2023,Wave Pay
253-93-9176,C-23-6-11,Female,USB Cable,Electronic_accessories,43.46,5,10.865,228.165,19/06/2023,AYA Pay
136-49-6942,C-23-6-204,Female,Sunscreen,Health_and_beauty,48.65,5,12.163,255.413,27/06/2023,AYA Pay
189-69-7890,C-23-6-699,Male,Bracelet,Fashion_accessories,90.37,6,27.111,569.331,13/06/2023,CB Pay
517-35-9746,C-23-6-281,Female,Phone Case,Electronic_accessories,64.81,6,19.443,408.303,14/06/2023,CB Pay
392-43-8015,C-23-6-881,Male,Scarf,Fashion_accessories,12.92,4,2.584,54.264,14/06/2023,KBZ Pay
310-29-9924,C-23-6-963,Female,Juice,Food_and_beverages,21.4,6,6.42,134.82,16/06/2023,Card
529-98-4606,C-23-6-472,Male,Earphones,Electronic_accessories,97.02,3,14.553,305.613,22/06/2023,CB Pay
208-41-1322,C-23-6-195,Female,USB Cable,Electronic_accessories,86.31,10,43.155,906.255,08/06/2023,Wave Pay
208-34-7678,C-23-6-968,Male,Sunglasses,Fashion_accessories,18.0,3,2.7,56.7,08/06/2023,AYA Pay
940-91-4339,C-23-6-474,Male,Face Wash,Health_and_beauty,94.36,1,4.718,99.078,22/06/2023,Card
690-42-1798,C-23-6-202,Male,Juice,Food_and_beverages,79.24,2,7.924,166.404,17/06/2023,Wave Pay
550-46-7471,C-23-6-430,Female,Cushion,Home_and_lifestyle,14.89,2,1.489,31.269,14/06/2023,Wave Pay
926-74-9415,C-23-6-562,Male,Charger,Electronic_accessories,64.17,9,28.877,606.407,15/06/2023,Cash
320-30-1141,C-23-6-189,Male,Sunglasses,Fashion_accessories,32.81,7,11.484,241.154,26/06/2023,KBZ Pay
293-91-2709,C-23-6-357,Male,Coffee,Food_and_beverages,66.02,5,16.505,346.605,22/06/2023,CB Pay
295-64-6309,C-23-6-258,Male,Yoga Mat,Sports_and_travel,27.21,10,13.605,285.705,15/06/2023,Wave Pay
473-47-8287,C-23-6-84,Male,Scarf,Fashion_accessories,88.33,9,39.749,834.719,10/06/2023,Card
556-70-3347,C-23-6-46,Female,Cookies,Food_and_beverages,25.45,3,3.817,80.167,28/06/2023,Cash
847-72-5157,C-23-6-374,Male,Face Wash,Health_and_beauty,37.34,9,16.803,352.863,17/06/2023,KBZ Pay
348-74-3431,C-23-6-247,Male,Shampoo,Health_and_beauty,98.7,8,39.48,829.08,20/06/2023,KBZ Pay
786-25-6148,C-23-6-838,Male,Chips,Food_and_beverages,22.0,6,6.6,138.6,05/06/2023,CB Pay
135-34-2202,C-23-6-21,Male,Sunscreen,Health_and_beauty,41.54,1,2.077,43.617,05/06/2023,CB Pay
263-78-8921,C-23-6-1,Female,Power Bank,Electronic_accessories,68.67,1,3.434,72.104,02/06/2023,Wave Pay
605-66-1692,C-23-6-738,Female,Cushion,Home_and_lifestyle,68.11,3,10.216,214.546,09/06/2023,Card
118-26-1834,C-23-6-758,Male,Juice,Food_and_beverages,28.6,7,10.01,210.21,16/06/2023,Cash
725-99-6703,C-23-6-561,Female,Backpack,Sports_and_travel,66.67,6,20.001,420.021,27/06/2023,CB Pay
916-22-7300,C-23-6-877,Male,Cookies,Food_and_beverages,91.18,9,41.031,861.651,07/06/2023,Cash
562-60-3497,C-23-6-101,Male,Water Bottle,Sports_and_travel,54.22,6,16.266,341.586,02/06/2023,Card
836-32-8907,C-23-6-476,Male,Earphones,Electronic_accessories,99.72,6,29.916,628.236,05/06/2023,AYA Pay
684-17-7798,C-23-6-774,Female,Sunscreen,Health_and_beauty,72.74,1,3.637,76.377,12/06/2023,AYA Pay
847-80-3669,C-23-6-152,Female,Shampoo,Health_and_beauty,54.73,2,5.473,114.933,01/06/2023,AYA Pay
714-15-1442,C-23-6-174,Female,Bracelet,Fashion_accessories,26.23,8,10.492,220.332,09/06/2023,Card
673-55-6811,C-23-6-905,Male,Cushion,Home_and_lifestyle,20.82,1,1.041,21.861,07/06/2023,Cash
377-76-4609,C-23-6-170,Female,Candles,Home_and_lifestyle,12.95,7,4.532,95.182,18/06/2023,Card
811-87-5595,C-23-6-938,Female,Cookies,Food_and_beverages,65.29,1,3.265,68.555,07/06/2023,Wave Pay
171-61-5420,C-23-6-295,Male,Cookies,Food_and_beverages,60.7,9,27.315,573.615,09/06/2023,Card
917-74-8078,C-23-6-605,Female,Chips,Food_and_beverages,91.08,1,4.554,95.634,17/06/2023,Card
409-92-9753,C-23-6-203,Female,Sunglasses,Fashion_accessories,31.35,7,10.973,230.423,22/06/2023,KBZ Pay
222-13-8226,C-23-6-416,Male,Running Shoes,Sports_and_travel,97.26,5,24.315,510.615,02/06/2023,Wave Pay
499-25-3039,C-23-6-967,Female,Sunglasses,Fashion_accessories,43.14,3,6.471,135.891,22/06/2023,KBZ Pay
210-76-8533,C-23-6-529,Female,Tea,Food_and_beverages,52.8,1,2.64,55.44,12/06/2023,Wave Pay
495-81-9514,C-23-6-42,Female,Water Bottle,Sports_and_travel,93.27,10,46.635,979.335,13/06/2023,Cash
721-32-9753,C-23-6-176,Female,Cookies,Food_and_beverages,98.97,7,34.639,727.429,25/06/2023,Wave Pay
551-21-5091,C-23-6-407,Female,Phone Case,Electronic_accessories,54.39,7,19.037,399.767,07/06/2023,Cash
825-67-1834,C-23-6-441,Male,Shampoo,Health_and_beauty,66.27,3,9.941,208.751,08/06/2023,CB Pay
684-89-7048,C-23-6-294,Male,Bracelet,Fashion_accessories,34.76,5,8.69,182.49,14/06/2023,KBZ Pay
931-17-4302,C-23-6-28,Male,Juice,Food_and_beverages,65.34,9,29.403,617.463,28/06/2023,Cash
200-26-8315,C-23-6-786,Male,Body Lotion,Health_and_beauty,53.71,3,8.056,169.186,30/06/2023,KBZ Pay
984-81-6065,C-23-6-525,Male,Picture Frame,Home_and_lifestyle,23.75,6,7.125,149.625,18/06/2023,Cash
937-24-3356,C-23-6-647,Male,Sunglasses,Fashion_accessories,63.98,9,28.791,604.611,28/06/2023,CB Pay
184-96-1635,C-23-6-927,Female,Candles,Home_and_lifestyle,55.61,7,19.463,408.733,23/06/2023,CB Pay
269-20-9945,C-23-6-116,Male,Body Lotion,Health_and_beauty,24.52,2,2.452,51.492,03/06/2023,Wave Pay
517-42-3125,C-23-6-134,Male,Body Lotion,Health_and_beauty,94.02,9,42.309,888.489,05/06/2023,KBZ Pay
