Invoice ID,Customer ID,Gender,Product_Name,Category,Unit price,Quantity,Tax 5%,Total,Date,Payment_Method
194-56-5783,C-23-2-512,Male,Backpack,Sports_and_travel,25.33,4,5.066,106.386,7/2/2023,Cash
627-95-2475,C-23-2-894,Male,Table Lamp,Home_and_lifestyle,54.36,2,5.436,114.156,9/2/2023,Wave Pay
632-73-8113,C-23-2-288,Male,Earphones,Electronic_accessories,68.16,4,13.632,286.272,24/2/2023,Cash
168-89-3127,C-23-2-300,Male,Power Bank,Electronic_accessories,53.91,1,2.696,56.606,18/2/2023,KBZ Pay
778-10-9023,C-23-2-879,Female,Cookies,Food_and_beverages,39.63,6,11.889,249.669,12/2/2023,Card
548-68-9682,C-23-2-279,Male,Sunglasses,Fashion_accessories,47.55,7,16.642,349.492,27/2/2023,CB Pay
632-87-8520,C-23-2-285,Female,USB Cable,Electronic_accessories,84.25,6,25.275,530.775,28/2/2023,Wave Pay
694-66-8907,C-23-2-511,Female,Running Shoes,Sports_and_travel,40.26,4,8.052,169.092,24/2/2023,KBZ Pay
195-40-5051,C-23-2-116,Female,Table Lamp,Home_and_lifestyle,54.88,5,13.72,288.12,14/2/2023,KBZ Pay
511-49-4293,C-23-2-849,Female,Hat,Fashion_accessories,29.71,10,14.855,311.955,23/2/2023,KBZ Pay
319-72-5181,C-23-2-848,Male,Cushion,Home_and_lifestyle,19.71,6,5.913,124.173,27/2/2023,AYA Pay
211-89-9107,C-23-2-852,Male,Face Wash,Health_and_beauty,91.49,5,22.873,480.323,22/2/2023,Cash
441-31-9694,C-23-2-355,Female,Charger,Electronic_accessories,33.91,5,8.477,178.027,21/2/2023,Cash
481-48-8982,C-23-2-517,Male,Bracelet,Fashion_accessories,98.69,10,49.345,1036.245,3/2/2023,Card
859-44-8258,C-23-2-138,Female,Wall Clock,Home_and_lifestyle,51.4,1,2.57,53.97,17/2/2023,AYA Pay
869-33-9732,C-23-2-319,Female,Phone Case,Electronic_accessories,69.59,10,34.795,730.695,13/2/2023,AYA Pay
603-31-3219,C-23-2-206,Female,Wall Clock,Home_and_lifestyle,51.88,9,23.346,490.266,23/2/2023,Cash
432-17-7834,C-23-2-255,Female,Lip Balm,Health_and_beauty,94.92,7,33.222,697.662,11/2/2023,Wave Pay
547-63-1436,C-23-2-424,Male,Charger,Electronic_accessories,58.51,6,17.553,368.613,6/2/2023,CB Pay
281-25-7317,C-23-2-117,Female,Backpack,Sports_and_travel,17.78,3,2.667,56.007,10/2/2023,CB Pay
815-32-3673,C-23-2-601,Male,Earphones,Electronic_accessories,33.74,8,13.496,283.416,14/2/2023,Card
176-69-1791,C-23-2-581,Female,Coffee,Food_and_beverages,77.15,4,15.43,324.03,15/2/2023,CB Pay
140-59-5257,C-23-2-253,Female,Sunglasses,Fashion_accessories,34.26,4,6.852,143.892,7/2/2023,CB Pay
815-55-9084,C-23-2-383,Male,Backpack,Sports_and_travel,64.85,3,9.727,204.277,6/2/2023,KBZ Pay
917-10-7824,C-23-2-850,Male,Tea,Food_and_beverages,47.15,2,4.715,99.015,19/2/2023,KBZ Pay
632-85-8022,C-23-2-721,Female,Phone Case,Electronic_accessories,35.41,9,15.934,334.624,7/2/2023,Cash
773-66-7659,C-23-2-49,Male,Picture Frame,Home_and_lifestyle,23.12,1,1.156,24.276,14/2/2023,Cash
619-69-2208,C-23-2-555,Female,Cookies,Food_and_beverages,85.86,1,4.293,90.153,18/2/2023,AYA Pay
437-45-3757,C-23-2-782,Male,Sunglasses,Fashion_accessories,21.72,1,1.086,22.806,19/2/2023,Card
786-18-3420,C-23-2-416,Female,Charger,Electronic_accessories,62.33,5,15.582,327.232,18/2/2023,Card
836-26-5033,C-23-2-591,Male,Gym Towel,Sports_and_travel,22.65,1,1.133,23.783,15/2/2023,AYA Pay
306-33-9477,C-23-2-392,Female,Tea,Food_and_beverages,22.9,4,4.58,96.18,24/2/2023,AYA Pay
564-84-5058,C-23-2-573,Female,Tea,Food_and_beverages,82.29,4,16.458,345.618,26/2/2023,Card
702-87-6064,C-23-2-607,Male,Juice,Food_and_beverages,22.72,3,3.408,71.568,26/2/2023,AYA Pay
863-76-6340,C-23-2-400,Male,Picture Frame,Home_and_lifestyle,71.2,2,7.12,149.52,8/2/2023,Wave Pay
661-41-9874,C-23-2-247,Female,Bracelet,Fashion_accessories,56.14,10,28.07,589.47,5/2/2023,CB Pay
851-43-8413,C-23-2-324,Female,Hat,Fashion_accessories,10.17,3,1.526,32.036,23/2/2023,Wave Pay
566-65-3872,C-23-2-491,Female,Scarf,Fashion_accessories,12.95,1,0.647,13.597,18/2/2023,AYA Pay
809-26-9349,C-23-2-590,Male,Phone Case,Electronic_accessories,85.89,8,34.356,721.476,28/2/2023,Cash
983-23-9718,C-23-2-652,Male,Scarf,Fashion_accessories,92.39,7,32.337,679.067,15/2/2023,Wave Pay
203-29-5545,C-23-2-254,Female,Charger,Electronic_accessories,49.24,7,17.234,361.914,22/2/2023,KBZ Pay
838-49-7852,C-23-2-91,Female,Scarf,Fashion_accessories,67.41,8,26.964,566.244,12/2/2023,AYA Pay
220-41-9314,C-23-2-771,Female,Coffee,Food_and_beverages,26.14,2,2.614,54.894,28/2/2023,Cash
980-63-5254,C-23-2-788,Male,Scarf,Fashion_accessories,44.15,10,22.075,463.575,15/2/2023,CB Pay
299-77-1394,C-23-2-390,Male,Water Bottle,Sports_and_travel,56.58,6,16.974,356.454,18/2/2023,Wave Pay
817-66-1898,C-23-2-231,Male,Power Bank,Electronic_accessories,70.21,10,35.105,737.205,9/2/2023,Card
967-39-6358,C-23-2-143,Male,Body Lotion,Health_and_beauty,24.73,4,4.946,103.866,2/2/2023,Wave Pay
727-92-3000,C-23-2-995,Male,Juice,Food_and_beverages,31.68,3,4.752,99.792,5/2/2023,Card
251-84-7618,C-23-2-85,Female,Juice,Food_and_beverages,31.56,8,12.624,265.104,21/2/2023,Cash
550-55-9154,C-23-2-902,Male,Earphones,Electronic_accessories,18.78,4,3.756,78.876,14/2/2023,Card
335-66-4178,C-23-2-538,Female,Lip Balm,Health_and_beauty,98.59,5,24.648,517.598,16/2/2023,CB Pay
458-14-1490,C-23-2-512,Male,Backpack,Sports_and_travel,69.35,8,27.74,582.54,15/2/2023,CB Pay
880-65-5077,C-23-2-754,Female,Table Lamp,Home_and_lifestyle,70.75,8,28.3,594.3,18/2/2023,KBZ Pay
192-65-9173,C-23-2-654,Male,Cookies,Food_and_beverages,69.86,10,34.93,733.53,3/2/2023,Cash
205-14-7440,C-23-2-295,Male,Power Bank,Electronic_accessories,27.45,5,6.863,144.113,2/2/2023,Cash
457-81-1420,C-23-2-37,Male,Candles,Home_and_lifestyle,26.46,1,1.323,27.783,8/2/2023,Wave Pay
275-88-8397,C-23-2-717,Male,Face Wash,Health_and_beauty,29.87,10,14.935,313.635,21/2/2023,Wave Pay
413-82-8588,C-23-2-276,Female,Charger,Electronic_accessories,86.77,2,8.677,182.217,23/2/2023,KBZ Pay
546-26-5717,C-23-2-91,Female,Juice,Food_and_beverages,75.76,8,30.304,636.384,21/2/2023,KBZ Pay
576-81-7600,C-23-2-252,Male,Gym Towel,Sports_and_travel,13.76,9,6.192,130.032,25/2/2023,CB Pay
396-28-5549,C-23-2-599,Male,Hat,Fashion_accessories,55.24,7,19.334,406.014,4/2/2023,KBZ Pay
397-29-9712,C-23-2-297,Female,Coffee,Food_and_beverages,28.16,6,8.448,177.408,1/2/2023,CB Pay
765-13-7848,C-23-2-122,Female,Cushion,Home_and_lifestyle,89.62,2,8.962,188.202,14/2/2023,Card
600-66-4994,C-23-2-76,Female,Coffee,Food_and_beverages,80.75,5,20.188,423.938,23/2/2023,AYA Pay
900-69-5085,C-23-2-30,Female,Yoga Mat,Sports_and_travel,64.79,4,12.958,272.118,7/2/2023,KBZ Pay
881-70-7653,C-23-2-943,Male,Backpack,Sports_and_travel,75.68,8,30.272,635.712,5/2/2023,KBZ Pay
792-13-2654,C-23-2-543,Male,Table Lamp,Home_and_lifestyle,75.32,3,11.298,237.258,20/2/2023,KBZ Pay
930-51-2662,C-23-2-372,Male,Water Bottle,Sports_and_travel,40.52,2,4.052,85.092,21/2/2023,Wave Pay
945-45-5719,C-23-2-704,Female,Cookies,Food_and_beverages,40.5,7,14.175,297.675,12/2/2023,Cash
325-16-5709,C-23-2-984,Female,USB Cable,Electronic_accessories,87.98,9,39.591,831.411,22/2/2023,AYA Pay
769-72-5762,C-23-2-358,Female,Running Shoes,Sports_and_travel,75.63,9,34.033,714.703,14/2/2023,KBZ Pay
201-67-5003,C-23-2-398,Female,Water Bottle,Sports_and_travel,61.84,2,6.184,129.864,12/2/2023,AYA Pay
365-59-7557,C-23-2-634,Female,Bracelet,Fashion_accessories,77.38,7,27.083,568.743,19/2/2023,KBZ Pay
377-22-1745,C-23-2-102,Male,Lip Balm,Health_and_beauty,74.45,2,7.445,156.345,24/2/2023,AYA Pay
342-20-3794,C-23-2-106,Female,Water Bottle,Sports_and_travel,59.44,7,20.804,436.884,2/2/2023,CB Pay
367-40-2140,C-23-2-818,Female,Phone Case,Electronic_accessories,54.16,4,10.832,227.472,18/2/2023,KBZ Pay
619-73-5004,C-23-2-782,Female,Yoga Mat,Sports_and_travel,97.65,9,43.943,922.793,11/2/2023,Cash
755-86-4255,C-23-2-998,Male,Scarf,Fashion_accessories,84.14,2,8.414,176.694,11/2/2023,Cash
129-26-4624,C-23-2-613,Male,Phone Case,Electronic_accessories,58.14,2,5.814,122.094,7/2/2023,AYA Pay
859-65-3992,C-23-2-482,Female,Water Bottle,Sports_and_travel,90.83,1,4.542,95.372,3/2/2023,CB Pay
428-51-3559,C-23-2-755,Female,Hat,Fashion_accessories,18.6,5,4.65,97.65,15/2/2023,CB Pay
774-76-9908,C-23-2-580,Male,Gym Towel,Sports_and_travel,92.95,4,18.59,390.39,5/2/2023,Wave Pay
771-55-8991,C-23-2-33,Male,Phone Case,Electronic_accessories,49.46,8,19.784,415.464,18/2/2023,AYA Pay
241-64-9604,C-23-2-435,Female,Wall Clock,Home_and_lifestyle,17.43,8,6.972,146.412,8/2/2023,CB Pay
985-45-8003,C-23-2-46,Male,Backpack,Sports_and_travel,58.83,2,5.883,123.543,16/2/2023,Cash
101-47-7605,C-23-2-885,Female,Sunscreen,Health_and_beauty,32.18,3,4.827,101.367,17/2/2023,Card
383-36-3376,C-23-2-834,Female,Candles,Home_and_lifestyle,56.14,9,25.263,530.523,28/2/2023,Wave Pay
581-27-1069,C-23-2-399,Male,Body Lotion,Health_and_beauty,34.4,4,6.88,144.48,24/2/2023,CB Pay
410-99-6798,C-23-2-423,Female,Chips,Food_and_beverages,55.26,2,5.526,116.046,22/2/2023,CB Pay
964-66-3134,C-23-2-423,Male,Body Lotion,Health_and_beauty,73.41,7,25.694,539.564,10/2/2023,Wave Pay
935-80-1395,C-23-2-53,Male,Power Bank,Electronic_accessories,48.1,6,14.43,303.03,26/2/2023,CB Pay
327-98-7435,C-23-2-334,Female,Lip Balm,Health_and_beauty,45.05,1,2.252,47.302,25/2/2023,Card
572-12-1586,C-23-2-345,Female,Sunglasses,Fashion_accessories,83.33,5,20.832,437.482,18/2/2023,Cash
838-37-2475,C-23-2-946,Male,Shampoo,Health_and_beauty,59.7,2,5.97,125.37,10/2/2023,Wave Pay
444-23-2375,C-23-2-797,Male,Hat,Fashion_accessories,47.27,6,14.181,297.801,8/2/2023,Card
514-24-4435,C-23-2-160,Female,Juice,Food_and_beverages,49.72,3,7.458,156.618,22/2/2023,Wave Pay
940-67-1294,C-23-2-5,Male,Tea,Food_and_beverages,93.23,9,41.954,881.024,17/2/2023,Cash
182-28-3612,C-23-2-841,Female,Gym Towel,Sports_and_travel,16.64,7,5.824,122.304,7/2/2023,KBZ Pay
699-59-4984,C-23-2-473,Female,Juice,Food_and_beverages,18.99,4,3.798,79.758,19/2/2023,Cash
656-33-5180,C-23-2-184,Male,Water Bottle,Sports_and_travel,27.71,2,2.771,58.191,12/2/2023,AYA Pay
