Invoice ID,Customer ID,Gender,Product_Name,Category,Unit price,Quantity,Tax 5%,Total,Date,Payment_Method
227-84-8492,C-23-7-24,Male,Shampoo,Health_and_beauty,51.69,4,10.338,217.098,26/07/2023,AYA Pay
808-80-8653,C-23-7-128,Male,Tea,Food_and_beverages,25.46,8,10.184,213.864,24/07/2023,Card
648-15-9918,C-23-7-7,Male,Lip Balm,Health_and_beauty,63.7,4,12.74,267.54,14/07/2023,Cash
323-39-7611,C-23-7-30,Male,Gym Towel,Sports_and_travel,13.65,9,6.143,128.993,25/07/2023,Wave Pay
469-81-9688,C-23-7-140,Male,Chips,Food_and_beverages,54.33,4,10.866,228.186,04/07/2023,CB Pay
775-53-4743,C-23-7-782,Female,Earphones,Electronic_accessories,16.06,2,1.606,33.726,12/07/2023,KBZ Pay
571-75-1887,C-23-7-298,Male,Cushion,Home_and_lifestyle,88.96,3,13.344,280.224,01/07/2023,AYA Pay
428-27-4555,C-23-7-174,Female,Chips,Food_and_beverages,61.4,9,27.63,580.23,27/07/2023,Cash
460-15-1764,C-23-7-442,Male,Backpack,Sports_and_travel,94.53,5,23.633,496.283,28/07/2023,CB Pay
270-66-3583,C-23-7-396,Male,Picture Frame,Home_and_lifestyle,70.92,8,28.368,595.728,14/07/2023,KBZ Pay
953-34-9159,C-23-7-316,Male,Earphones,Electronic_accessories,41.7,3,6.255,131.355,01/07/2023,KBZ Pay
292-46-8589,C-23-7-356,Male,Backpack,Sports_and_travel,17.6,2,1.76,36.96,29/07/2023,Wave Pay
796-48-3069,C-23-7-430,Female,Sunglasses,Fashion_accessories,94.11,6,28.233,592.893,04/07/2023,CB Pay
221-67-6641,C-23-7-14,Male,Yoga Mat,Sports_and_travel,42.68,2,4.268,89.628,09/07/2023,AYA Pay
652-44-9717,C-23-7-23,Female,Cushion,Home_and_lifestyle,95.56,2,9.556,200.676,25/07/2023,Card
249-99-3586,C-23-7-96,Female,Backpack,Sports_and_travel,20.71,6,6.213,130.473,31/07/2023,KBZ Pay
572-87-7150,C-23-7-396,Female,Lip Balm,Health_and_beauty,80.51,1,4.026,84.536,11/07/2023,Cash
936-23-1356,C-23-7-145,Male,Yoga Mat,Sports_and_travel,56.2,5,14.05,295.05,25/07/2023,Wave Pay
631-96-3014,C-23-7-679,Female,Sunscreen,Health_and_beauty,58.21,7,20.374,427.844,18/07/2023,KBZ Pay
294-62-3237,C-23-7-797,Female,Wall Clock,Home_and_lifestyle,14.8,2,1.48,31.08,04/07/2023,Card
516-56-9786,C-23-7-961,Female,Watch,Fashion_accessories,49.45,7,17.308,363.458,28/07/2023,KBZ Pay
161-43-9862,C-23-7-601,Male,Hat,Fashion_accessories,55.41,8,22.164,465.444,10/07/2023,AYA Pay
401-50-8459,C-23-7-130,Male,Juice,Food_and_beverages,12.02,10,6.01,126.21,09/07/2023,Card
174-30-6063,C-23-7-56,Male,Phone Case,Electronic_accessories,39.84,1,1.992,41.832,08/07/2023,KBZ Pay
652-14-8239,C-23-7-571,Male,Bracelet,Fashion_accessories,91.42,8,36.568,767.928,14/07/2023,Cash
891-21-6212,C-23-7-912,Male,Face Wash,Health_and_beauty,27.88,6,8.364,175.644,30/07/2023,KBZ Pay
635-61-7705,C-23-7-986,Male,Yoga Mat,Sports_and_travel,59.86,2,5.986,125.706,28/07/2023,Card
681-58-5598,C-23-7-110,Female,Face Wash,Health_and_beauty,75.64,9,34.038,714.798,01/07/2023,Wave Pay
539-40-6728,C-23-7-541,Female,Cushion,Home_and_lifestyle,99.78,3,14.967,314.307,27/07/2023,Cash
333-85-2118,C-23-7-912,Female,Backpack,Sports_and_travel,41.49,7,14.522,304.952,16/07/2023,CB Pay
952-52-8037,C-23-7-482,Male,Scarf,Fashion_accessories,96.12,10,48.06,1009.26,19/07/2023,KBZ Pay
149-74-2041,C-23-7-461,Female,Face Wash,Health_and_beauty,45.78,2,4.578,96.138,20/07/2023,AYA Pay
992-18-8823,C-23-7-538,Male,Tea,Food_and_beverages,70.86,4,14.172,297.612,28/07/2023,Card
680-36-5816,C-23-7-376,Female,Tea,Food_and_beverages,80.32,5,20.08,421.68,14/07/2023,Wave Pay
304-18-2036,C-23-7-402,Female,Face Wash,Health_and_beauty,36.56,9,16.452,345.492,16/07/2023,AYA Pay
147-85-9489,C-23-7-536,Female,Cushion,Home_and_lifestyle,51.83,10,25.915,544.215,20/07/2023,Wave Pay
972-83-9188,C-23-7-715,Male,Coffee,Food_and_beverages,91.0,3,13.65,286.65,23/07/2023,Card
371-28-9675,C-23-7-285,Male,Hat,Fashion_accessories,17.82,4,3.564,74.844,21/07/2023,Card
347-78-8290,C-23-7-887,Female,Phone Case,Electronic_accessories,76.32,1,3.816,80.136,07/07/2023,CB Pay
946-93-9191,C-23-7-910,Male,Juice,Food_and_beverages,78.3,5,19.575,411.075,10/07/2023,Card
994-72-8131,C-23-7-476,Male,Sunscreen,Health_and_beauty,70.92,6,21.276,446.796,17/07/2023,AYA Pay
851-31-1976,C-23-7-805,Female,Cushion,Home_and_lifestyle,16.49,10,8.245,173.145,20/07/2023,CB Pay
196-43-1951,C-23-7-763,Male,Tea,Food_and_beverages,94.77,1,4.739,99.509,20/07/2023,KBZ Pay
407-12-6934,C-23-7-300,Male,Chips,Food_and_beverages,58.58,8,23.432,492.072,27/07/2023,Card
715-72-2291,C-23-7-33,Female,Hat,Fashion_accessories,21.55,8,8.62,181.02,24/07/2023,Card
746-24-2427,C-23-7-112,Female,Power Bank,Electronic_accessories,25.64,10,12.82,269.22,12/07/2023,Wave Pay
506-20-6165,C-23-7-169,Female,Chips,Food_and_beverages,62.86,8,25.144,528.024,10/07/2023,CB Pay
767-99-5874,C-23-7-689,Female,Charger,Electronic_accessories,59.49,4,11.898,249.858,12/07/2023,Card
475-87-7074,C-23-7-302,Male,Water Bottle,Sports_and_travel,86.76,8,34.704,728.784,06/07/2023,Cash
898-48-2072,C-23-7-917,Female,Backpack,Sports_and_travel,79.42,8,31.768,667.128,18/07/2023,KBZ Pay
360-79-1440,C-23-7-306,Female,Coffee,Food_and_beverages,15.29,6,4.587,96.327,01/07/2023,Card
563-69-7362,C-23-7-644,Female,Water Bottle,Sports_and_travel,85.56,10,42.78,898.38,01/07/2023,Cash
823-67-3932,C-23-7-751,Female,Watch,Fashion_accessories,88.09,5,22.023,462.473,09/07/2023,KBZ Pay
452-67-5576,C-23-7-614,Female,Picture Frame,Home_and_lifestyle,99.93,4,19.986,419.706,29/07/2023,Card
537-56-9404,C-23-7-322,Male,Wall Clock,Home_and_lifestyle,31.59,7,11.056,232.186,08/07/2023,KBZ Pay
245-92-8009,C-23-7-695,Female,Bracelet,Fashion_accessories,22.75,1,1.137,23.887,17/07/2023,CB Pay
471-82-7875,C-23-7-374,Female,Water Bottle,Sports_and_travel,18.75,2,1.875,39.375,17/07/2023,AYA Pay
877-96-8809,C-23-7-370,Male,Wall Clock,Home_and_lifestyle,42.11,8,16.844,353.724,05/07/2023,Card
385-46-2905,C-23-7-555,Male,Phone Case,Electronic_accessories,98.14,4,19.628,412.188,03/07/2023,Cash
109-96-9570,C-23-7-694,Male,Chips,Food_and_beverages,70.9,5,17.725,372.225,25/07/2023,Cash
993-72-6900,C-23-7-484,Female,Cookies,Food_and_beverages,28.34,6,8.502,178.542,20/07/2023,CB Pay
985-61-5906,C-23-7-426,Male,Scarf,Fashion_accessories,74.04,5,18.51,388.71,10/07/2023,Wave Pay
633-90-4545,C-23-7-569,Female,Yoga Mat,Sports_and_travel,10.43,1,0.521,10.951,07/07/2023,Cash
865-72-5816,C-23-7-247,Female,Face Wash,Health_and_beauty,86.69,7,30.341,637.171,12/07/2023,Card
274-10-4195,C-23-7-46,Female,Lip Balm,Health_and_beauty,10.81,7,3.784,79.454,10/07/2023,Card
186-99-8845,C-23-7-607,Male,Tea,Food_and_beverages,13.73,10,6.865,144.165,31/07/2023,CB Pay
691-86-9035,C-23-7-351,Female,Hat,Fashion_accessories,64.49,9,29.02,609.43,10/07/2023,KBZ Pay
187-53-8210,C-23-7-335,Female,Water Bottle,Sports_and_travel,32.95,5,8.238,172.988,30/07/2023,AYA Pay
186-48-6328,C-23-7-95,Female,Lip Balm,Health_and_beauty,96.09,5,24.023,504.473,15/07/2023,Cash
877-84-5118,C-23-7-185,Female,Cookies,Food_and_beverages,55.49,5,13.873,291.323,05/07/2023,KBZ Pay
390-63-6017,C-23-7-615,Female,Yoga Mat,Sports_and_travel,34.65,9,15.592,327.442,04/07/2023,AYA Pay
775-29-4538,C-23-7-396,Female,Hat,Fashion_accessories,70.83,10,35.415,743.715,02/07/2023,AYA Pay
131-81-5652,C-23-7-993,Female,Phone Case,Electronic_accessories,60.77,4,12.154,255.234,28/07/2023,Card
485-84-2734,C-23-7-993,Female,Backpack,Sports_and_travel,82.29,4,16.458,345.618,18/07/2023,KBZ Pay
817-92-3323,C-23-7-696,Male,Candles,Home_and_lifestyle,18.23,1,0.912,19.142,10/07/2023,KBZ Pay
382-26-5440,C-23-7-6,Male,Sunglasses,Fashion_accessories,64.94,4,12.988,272.748,16/07/2023,KBZ Pay
679-56-8211,C-23-7-568,Female,Scarf,Fashion_accessories,78.14,10,39.07,820.47,13/07/2023,CB Pay
400-20-4473,C-23-7-570,Female,Cushion,Home_and_lifestyle,54.35,6,16.305,342.405,01/07/2023,KBZ Pay
845-89-9916,C-23-7-454,Male,Gym Towel,Sports_and_travel,41.59,10,20.795,436.695,28/07/2023,CB Pay
729-92-1090,C-23-7-463,Female,Bracelet,Fashion_accessories,74.12,4,14.824,311.304,08/07/2023,Wave Pay
324-26-7446,C-23-7-353,Male,Charger,Electronic_accessories,53.35,1,2.668,56.018,30/07/2023,AYA Pay
454-48-2336,C-23-7-922,Male,Watch,Fashion_accessories,80.14,6,24.042,504.882,02/07/2023,Wave Pay
298-91-8906,C-23-7-763,Female,Chips,Food_and_beverages,45.09,10,22.545,473.445,28/07/2023,Wave Pay
988-64-6079,C-23-7-545,Male,Lip Balm,Health_and_beauty,94.44,8,37.776,793.296,29/07/2023,Card
405-27-9942,C-23-7-722,Male,Yoga Mat,Sports_and_travel,97.2,3,14.58,306.18,18/07/2023,CB Pay
239-13-8363,C-23-7-18,Female,Face Wash,Health_and_beauty,22.29,9,10.03,210.64,27/07/2023,CB Pay
399-12-5188,C-23-7-73,Male,Candles,Home_and_lifestyle,41.37,6,12.411,260.631,25/07/2023,AYA Pay
783-31-5150,C-23-7-394,Male,Juice,Food_and_beverages,59.67,7,20.885,438.575,19/07/2023,CB Pay
490-66-3699,C-23-7-126,Male,Shampoo,Health_and_beauty,59.11,10,29.555,620.655,12/07/2023,KBZ Pay
334-79-8840,C-23-7-566,Male,Cookies,Food_and_beverages,41.45,7,14.508,304.658,19/07/2023,Card
959-23-4091,C-23-7-375,Female,Running Shoes,Sports_and_travel,98.79,9,44.456,933.566,31/07/2023,Card
327-51-3088,C-23-7-698,Male,Bracelet,Fashion_accessories,62.09,5,15.523,325.973,26/07/2023,AYA Pay
299-63-7226,C-23-7-568,Male,Yoga Mat,Sports_and_travel,37.06,2,3.706,77.826,23/07/2023,Cash
490-15-6766,C-23-7-444,Female,Yoga Mat,Sports_and_travel,81.34,6,24.402,512.442,22/07/2023,Wave Pay
843-77-3820,C-23-7-861,Male,Picture Frame,Home_and_lifestyle,70.3,9,31.635,664.335,07/07/2023,AYA Pay
408-32-1320,C-23-7-93,Female,Picture Frame,Home_and_lifestyle,73.79,8,29.516,619.836,10/07/2023,Cash
747-19-1597,C-23-7-585,Male,Table Lamp,Home_and_lifestyle,18.96,6,5.688,119.448,30/07/2023,Card
976-75-4344,C-23-7-528,Female,Bracelet,Fashion_accessories,97.69,3,14.654,307.724,15/07/2023,AYA Pay
948-57-6182,C-23-7-216,Female,Chips,Food_and_beverages,50.66,6,15.198,319.158,28/07/2023,Wave Pay
451-47-8976,C-23-7-297,Female,Bracelet,Fashion_accessories,70.92,5,17.73,372.33,19/07/2023,CB Pay
