Invoice ID,Customer ID,Gender,Product_Name,Category,Unit price,Quantity,Tax 5%,Total,Date,Payment_Method
719-24-4799,C-23-12-851,Male,Scarf,Fashion_accessories,75.07,8,30.028,630.588,19/12/2023,Wave Pay
636-53-6615,C-23-12-708,Male,Bracelet,Fashion_accessories,79.35,8,31.74,666.54,20/12/2023,AYA Pay
196-46-4273,C-23-12-405,Male,Cookies,Food_and_beverages,26.25,9,11.812,248.062,17/12/2023,Cash
549-95-3834,C-23-12-180,Male,Tea,Food_and_beverages,13.08,3,1.962,41.202,15/12/2023,Wave Pay
739-46-6957,C-23-12-863,Male,Cushion,Home_and_lifestyle,15.38,10,7.69,161.49,23/12/2023,KBZ Pay
441-68-1179,C-23-12-709,Male,Scarf,Fashion_accessories,80.71,8,32.284,677.964,03/12/2023,KBZ Pay
438-56-8014,C-23-12-849,Male,Cushion,Home_and_lifestyle,22.05,7,7.718,162.068,04/12/2023,Card
722-59-6150,C-23-12-434,Male,Coffee,Food_and_beverages,27.7,5,6.925,145.425,26/12/2023,Wave Pay
977-15-7403,C-23-12-519,Female,Earphones,Electronic_accessories,74.44,3,11.166,234.486,18/12/2023,Cash
430-53-1750,C-23-12-919,Female,Earphones,Electronic_accessories,40.06,5,10.015,210.315,16/12/2023,Card
103-72-6750,C-23-12-407,Female,Coffee,Food_and_beverages,99.11,6,29.733,624.393,20/12/2023,KBZ Pay
377-67-3636,C-23-12-734,Female,USB Cable,Electronic_accessories,92.46,9,41.607,873.747,22/12/2023,AYA Pay
957-16-3024,C-23-12-660,Male,Candles,Home_and_lifestyle,98.1,1,4.905,103.005,18/12/2023,Card
713-89-9591,C-23-12-942,Male,Juice,Food_and_beverages,78.17,2,7.817,164.157,04/12/2023,AYA Pay
603-84-5047,C-23-12-131,Female,Bracelet,Fashion_accessories,34.13,4,6.826,143.346,04/12/2023,Wave Pay
527-10-4255,C-23-12-78,Male,Phone Case,Electronic_accessories,89.2,5,22.3,468.3,28/12/2023,Card
629-77-6475,C-23-12-620,Female,Watch,Fashion_accessories,94.17,7,32.96,692.15,18/12/2023,KBZ Pay
615-24-3543,C-23-12-872,Male,Juice,Food_and_beverages,96.73,3,14.51,304.7,01/12/2023,Card
997-11-8539,C-23-12-668,Male,Body Lotion,Health_and_beauty,17.02,7,5.957,125.097,30/12/2023,Cash
867-95-6469,C-23-12-818,Female,Gym Towel,Sports_and_travel,22.12,8,8.848,185.808,09/12/2023,Card
470-68-3029,C-23-12-285,Female,Face Wash,Health_and_beauty,39.75,5,9.938,208.688,27/12/2023,Card
162-89-2834,C-23-12-382,Male,Water Bottle,Sports_and_travel,94.43,4,18.886,396.606,21/12/2023,AYA Pay
240-75-8571,C-23-12-517,Female,Candles,Home_and_lifestyle,69.3,7,24.255,509.355,03/12/2023,AYA Pay
198-13-8093,C-23-12-714,Female,Phone Case,Electronic_accessories,54.58,6,16.374,343.854,20/12/2023,Wave Pay
525-64-6261,C-23-12-600,Male,Chips,Food_and_beverages,66.02,7,23.107,485.247,26/12/2023,CB Pay
867-51-1329,C-23-12-56,Male,Table Lamp,Home_and_lifestyle,67.13,6,20.139,422.919,11/12/2023,Card
533-87-8564,C-23-12-27,Female,Bracelet,Fashion_accessories,62.9,8,25.16,528.36,04/12/2023,KBZ Pay
910-86-4580,C-23-12-351,Female,Body Lotion,Health_and_beauty,92.32,7,32.312,678.552,01/12/2023,CB Pay
793-34-2695,C-23-12-183,Female,Sunglasses,Fashion_accessories,86.52,9,38.934,817.614,22/12/2023,Wave Pay
905-42-5887,C-23-12-778,Male,Yoga Mat,Sports_and_travel,80.66,8,32.264,677.544,05/12/2023,Card
943-43-7451,C-23-12-376,Male,Running Shoes,Sports_and_travel,17.92,10,8.96,188.16,22/12/2023,CB Pay
299-70-8810,C-23-12-363,Female,Yoga Mat,Sports_and_travel,47.16,9,21.222,445.662,13/12/2023,Card
985-31-3515,C-23-12-24,Female,Yoga Mat,Sports_and_travel,71.68,10,35.84,752.64,19/12/2023,CB Pay
499-66-2470,C-23-12-764,Male,Phone Case,Electronic_accessories,22.79,8,9.116,191.436,19/12/2023,Card
359-44-9048,C-23-12-549,Female,Face Wash,Health_and_beauty,72.98,10,36.49,766.29,24/12/2023,Wave Pay
649-10-5838,C-23-12-708,Female,Sunglasses,Fashion_accessories,98.74,6,29.622,622.062,16/12/2023,Card
507-16-5604,C-23-12-846,Male,Earphones,Electronic_accessories,73.76,3,11.064,232.344,29/12/2023,Card
880-46-5257,C-23-12-251,Female,Coffee,Food_and_beverages,59.89,1,2.995,62.885,24/12/2023,KBZ Pay
784-49-2617,C-23-12-974,Female,Chips,Food_and_beverages,46.62,2,4.662,97.902,12/12/2023,Card
844-72-1043,C-23-12-545,Male,Table Lamp,Home_and_lifestyle,48.47,3,7.271,152.681,29/12/2023,KBZ Pay
470-94-6198,C-23-12-743,Female,Backpack,Sports_and_travel,88.91,3,13.337,280.067,17/12/2023,Wave Pay
461-15-1109,C-23-12-237,Male,Power Bank,Electronic_accessories,65.27,5,16.317,342.667,10/12/2023,Cash
561-41-5304,C-23-12-653,Female,Lip Balm,Health_and_beauty,32.22,9,14.499,304.479,31/12/2023,Wave Pay
923-47-9001,C-23-12-105,Male,Picture Frame,Home_and_lifestyle,99.46,9,44.757,939.897,10/12/2023,AYA Pay
854-41-4591,C-23-12-558,Male,Chips,Food_and_beverages,24.96,1,1.248,26.208,09/12/2023,CB Pay
201-94-8532,C-23-12-295,Male,Table Lamp,Home_and_lifestyle,48.97,8,19.588,411.348,14/12/2023,KBZ Pay
704-65-8157,C-23-12-469,Female,Coffee,Food_and_beverages,72.85,9,32.782,688.432,01/12/2023,CB Pay
139-53-1158,C-23-12-260,Female,Earphones,Electronic_accessories,94.71,7,33.148,696.118,24/12/2023,Cash
681-15-1143,C-23-12-795,Male,Running Shoes,Sports_and_travel,91.39,1,4.57,95.96,19/12/2023,Cash
477-25-7823,C-23-12-649,Female,Lip Balm,Health_and_beauty,20.69,1,1.035,21.725,23/12/2023,Wave Pay
855-99-4996,C-23-12-918,Female,Candles,Home_and_lifestyle,64.14,8,25.656,538.776,14/12/2023,Wave Pay
706-82-8731,C-23-12-362,Female,Yoga Mat,Sports_and_travel,36.38,5,9.095,190.995,28/12/2023,Wave Pay
814-79-6432,C-23-12-834,Female,Running Shoes,Sports_and_travel,72.99,1,3.649,76.639,19/12/2023,Wave Pay
580-84-2583,C-23-12-93,Male,Tea,Food_and_beverages,38.21,9,17.195,361.085,20/12/2023,KBZ Pay
145-76-9405,C-23-12-961,Female,Backpack,Sports_and_travel,96.41,4,19.282,404.922,02/12/2023,KBZ Pay
363-74-6544,C-23-12-6,Female,Watch,Fashion_accessories,41.65,5,10.413,218.663,23/12/2023,CB Pay
567-77-9926,C-23-12-590,Female,Sunscreen,Health_and_beauty,41.08,8,16.432,345.072,22/12/2023,AYA Pay
492-26-6363,C-23-12-435,Male,Coffee,Food_and_beverages,25.53,2,2.553,53.613,10/12/2023,CB Pay
969-91-7292,C-23-12-196,Female,Picture Frame,Home_and_lifestyle,37.99,2,3.799,79.779,07/12/2023,AYA Pay
582-14-2977,C-23-12-415,Male,Sunscreen,Health_and_beauty,25.1,9,11.295,237.195,17/12/2023,KBZ Pay
243-71-9700,C-23-12-603,Male,Tea,Food_and_beverages,50.73,10,25.365,532.665,16/12/2023,AYA Pay
476-51-3787,C-23-12-571,Female,Bracelet,Fashion_accessories,84.51,4,16.902,354.942,25/12/2023,CB Pay
364-65-3102,C-23-12-556,Male,Scarf,Fashion_accessories,95.32,7,33.362,700.602,02/12/2023,Cash
677-25-6934,C-23-12-351,Female,Table Lamp,Home_and_lifestyle,72.81,7,25.484,535.154,24/12/2023,Wave Pay
623-71-2201,C-23-12-747,Female,Shampoo,Health_and_beauty,50.39,7,17.637,370.367,29/12/2023,Card
163-53-8515,C-23-12-167,Male,USB Cable,Electronic_accessories,50.68,9,22.806,478.926,20/12/2023,AYA Pay
182-18-4794,C-23-12-446,Male,Yoga Mat,Sports_and_travel,11.81,8,4.724,99.204,26/12/2023,AYA Pay
164-57-2504,C-23-12-598,Male,Tea,Food_and_beverages,33.56,9,15.102,317.142,21/12/2023,Wave Pay
610-76-6386,C-23-12-621,Female,Shampoo,Health_and_beauty,40.56,3,6.084,127.764,09/12/2023,AYA Pay
810-65-2395,C-23-12-653,Male,Sunglasses,Fashion_accessories,20.58,4,4.116,86.436,06/12/2023,Cash
365-11-2378,C-23-12-265,Female,Tea,Food_and_beverages,57.58,1,2.879,60.459,31/12/2023,Card
609-31-7652,C-23-12-372,Female,Yoga Mat,Sports_and_travel,14.1,6,4.23,88.83,25/12/2023,Cash
843-96-8417,C-23-12-979,Female,Cushion,Home_and_lifestyle,56.02,7,19.607,411.747,25/12/2023,Cash
534-19-6731,C-23-12-758,Male,Chips,Food_and_beverages,72.33,3,10.85,227.84,25/12/2023,Card
949-44-5063,C-23-12-385,Male,Juice,Food_and_beverages,55.44,9,24.948,523.908,11/12/2023,KBZ Pay
423-54-8327,C-23-12-586,Male,Table Lamp,Home_and_lifestyle,36.92,9,16.614,348.894,12/12/2023,Wave Pay
126-61-5350,C-23-12-663,Female,Juice,Food_and_beverages,72.94,1,3.647,76.587,23/12/2023,Cash
302-79-7809,C-23-12-370,Female,Running Shoes,Sports_and_travel,28.84,8,11.536,242.256,06/12/2023,CB Pay
469-19-3467,C-23-12-823,Male,Chips,Food_and_beverages,18.83,1,0.942,19.772,16/12/2023,AYA Pay
108-10-6277,C-23-12-768,Male,Phone Case,Electronic_accessories,64.06,1,3.203,67.263,29/12/2023,Card
580-81-5846,C-23-12-50,Male,Lip Balm,Health_and_beauty,14.09,5,3.523,73.973,21/12/2023,Wave Pay
637-61-4854,C-23-12-248,Female,Earphones,Electronic_accessories,38.58,4,7.716,162.036,20/12/2023,AYA Pay
958-45-3529,C-23-12-401,Male,Coffee,Food_and_beverages,69.8,2,6.98,146.58,17/12/2023,AYA Pay
366-61-8472,C-23-12-692,Male,Sunglasses,Fashion_accessories,22.94,7,8.029,168.609,27/12/2023,Card
193-85-1471,C-23-12-56,Female,Backpack,Sports_and_travel,72.2,7,25.27,530.67,24/12/2023,Wave Pay
776-82-4978,C-23-12-538,Male,Candles,Home_and_lifestyle,81.47,9,36.662,769.892,19/12/2023,Cash
695-33-4369,C-23-12-332,Female,Water Bottle,Sports_and_travel,94.34,8,37.736,792.456,10/12/2023,Card
112-43-5669,C-23-12-341,Female,Face Wash,Health_and_beauty,49.57,9,22.306,468.436,22/12/2023,CB Pay
201-53-4240,C-23-12-160,Male,Sunglasses,Fashion_accessories,62.49,5,15.623,328.073,31/12/2023,Wave Pay
245-70-6547,C-23-12-18,Female,Sunscreen,Health_and_beauty,38.72,4,7.744,162.624,02/12/2023,Card
443-33-6291,C-23-12-29,Male,Watch,Fashion_accessories,39.6,9,17.82,374.22,31/12/2023,Cash
959-67-5148,C-23-12-211,Female,Sunglasses,Fashion_accessories,84.84,1,4.242,89.082,30/12/2023,AYA Pay
334-19-3822,C-23-12-992,Male,Power Bank,Electronic_accessories,98.18,8,39.272,824.712,06/12/2023,Cash
184-41-9657,C-23-12-824,Male,Picture Frame,Home_and_lifestyle,35.4,1,1.77,37.17,26/12/2023,Cash
679-33-2356,C-23-12-66,Female,Picture Frame,Home_and_lifestyle,99.25,5,24.812,521.062,08/12/2023,AYA Pay
924-51-7569,C-23-12-172,Male,Yoga Mat,Sports_and_travel,98.44,10,49.22,1033.62,10/12/2023,Wave Pay
522-98-4319,C-23-12-477,Female,Backpack,Sports_and_travel,12.04,8,4.816,101.136,04/12/2023,CB Pay
328-12-9501,C-23-12-98,Female,USB Cable,Electronic_accessories,43.66,5,10.915,229.215,27/12/2023,Cash
734-36-1384,C-23-12-679,Female,Yoga Mat,Sports_and_travel,41.98,6,12.594,264.474,19/12/2023,Wave Pay
115-57-5737,C-23-12-579,Male,Wall Clock,Home_and_lifestyle,14.66,5,3.665,76.965,08/12/2023,CB Pay
